ID,day,month,year,place of marriage,forename of groom,surname of groom,occupation of groom,marital status of groom,age of groom,address of groom,forename of bride,surname of bride,occupation of bride,marital status of bride,age of bride,address of bride,groom's father's forename,groom's father's surname,groom's father's occupation,if groom's father deceased,groom's mother's forename,groom's mother's maiden surname,if groom's mother deceased,bride's father's forename,bride's father's surname,bride's father's occupation,if bride's father deceased,bride's mother's forename,bride's mother's maiden surname,if bride's mother deceased,notes1,gdeath,bdeath,GROOM_IDENTITY,BRIDE_IDENTITY,GROOM_MOTHER_IDENTITY,GROOM_FATHER_IDENTITY,BRIDE_MOTHER_IDENTITY,BRIDE_FATHER_IDENTITY,GROOM_BIRTH_RECORD_IDENTITY,BRIDE_BIRTH_RECORD_IDENTITY,GROOM_FATHER_BIRTH_RECORD_IDENTITY,GROOM_MOTHER_BIRTH_RECORD_IDENTITY,BRIDE_FATHER_BIRTH_RECORD_IDENTITY,BRIDE_MOTHER_BIRTH_RECORD_IDENTITY,BRIDE_IMMIGRANT_GENERATION,GROOM_IMMIGRANT_GENERATION
210,13,NOVEMBER,1857,"Crieff Perth and Kinross",Benjamin,Cruickshanks,,B,24,"1 East Drive, Thomsford, Fife",Sophie,Perrie,INDIA RUBBER SHOE MAKER,S,22,"577 Rathad an Duin, Na h-Eileanan Siar",Joshua,Cruickshanks,LABOURER SHORE,,Clare,Jones,,Joseph,Perrie,PORTER,,Chelsea,Anderson,,SYNTHETIC DATA PRODUCED USING VALIPOP,671,684,671,684,504,487,524,505,671,684,487,504,505,524,NA,NA
211,15,SEPTEMBER,1858,"Northbank Farm Steadings Fife",Nicholas,Black,PLOUGHMAN,B,21,"1 Bracklinn Road, Drumardoch Farm, Callander",Enya,Mullen,SCHOLAR,S,19,"2 Cowden Road, Perth and Kinross",Levi,Black,MASON'S LAB,,Amy,Grant,,Cameron,Mullen,VETERINARY SURGEON,,Amy-jo,Cruickshanks,,SYNTHETIC DATA PRODUCED USING VALIPOP,693,704,693,704,542,529,518,431,693,704,529,542,431,518,NA,NA
212,5,MARCH,1858,,Thomas,Anderson,COAL MINER,B,25,"1 Riverside Drive, Pulteneytown, Caithness",Aimee,Cruickshanks,SCHOLAR,S,17,"1 Riverside Drive, Pulteneytown, Caithness",Jack,Anderson,PRINTWORK CALICO MACHINE PRINTER JOURNEYMAN,,Sian,Powell,,Jason,Cruickshanks,TENANT,,Sophie,Perrie,,SYNTHETIC DATA PRODUCED USING VALIPOP,689,750,689,750,500,485,534,553,689,750,485,500,553,534,NA,NA
213,13,APRIL,1859,"Harden Wick ",Mohammad,Mullen,COTTON WEAVER,B,25,"2 Cowden Road, Perth and Kinross",Amy,Grant,SCHOLAR,S,19,"571 Rathad an Duin, Na h-Eileanan Siar",Cameron,Mullen,VETERINARY SURGEON,,Amy-jo,Cruickshanks,,Ryan,Grant,SILK WEAVER,,Amy,Cruickshanks,,SYNTHETIC DATA PRODUCED USING VALIPOP,661,706,661,706,518,431,552,569,661,706,431,518,569,552,NA,NA
214,26,DECEMBER,1860,"Harden Wick ",Aaron,Drake,SCHOLAR,B,20,"575 Rathad an Duin, Na h-Eileanan Siar",Anna,Perrie,DOMESTIC SERVANT,S,26,"577 Rathad an Duin, Na h-Eileanan Siar",Luke,Drake,PLUMBER MASTER EMP 1 BOY,,Alexandra,Henry,,Joseph,Perrie,PORTER,,Chelsea,Anderson,,SYNTHETIC DATA PRODUCED USING VALIPOP,709,674,709,674,456,489,524,505,709,674,489,456,505,524,NA,NA
215,22,AUGUST,1860,,Benjamin,Cruickshanks,POWER LOOM WEAVER,?,45,"1 Hebridean Gardens, Crieff, Perth and Kinross",Charley,Anderson,,S,45,"1 Old Shore Road, Argyll and Bute",Joshua,Cruickshanks,GARDENER (MASTER),,Clare,Jones,,Jack,Anderson,PRINTWORK CALICO MACHINE PRINTER JOURNEYMAN,,Sian,Powell,,SYNTHETIC DATA PRODUCED USING VALIPOP,671,670,671,670,504,487,500,485,671,670,487,504,485,500,NA,NA
216,30,OCTOBER,1860,"Croc North Ayrshire",Joshua,Anderson,PLOUGHMAN,B,28,"1 Beaconsfield Terrace Lane, West End, Hawick",Keira,Anderson,HOUSEMAID,S,22,"1 The Glebe, Pulteneytown, Wick",Jack,Anderson,PRINTWORK CALICO MACHINE PRINTER JOURNEYMAN,,Sian,Powell,,Bradley,Anderson,PORTER SPIRIT CELLAR,,Harriet,Cruickshanks,,SYNTHETIC DATA PRODUCED USING VALIPOP,657,708,657,708,500,485,558,531,657,708,485,500,531,558,NA,NA
217,27,DECEMBER,1861,"Dalry North Ayrshire",Jack,Black,SCHOLAR,B,20,"1 Bracklinn Road, Drumardoch Farm, Callander",Caitlin,Mullen,SCHOLAR,S,19,"1 Gowanlea, The Lees, Coldstream",Levi,Black,MASON'S LAB,,Amy,Grant,,Thomas,Mullen,FARMER OF 162 ACRES,,Joanna,Cruickshanks,,SYNTHETIC DATA PRODUCED USING VALIPOP,715,714,715,714,542,529,540,499,715,714,529,542,499,540,NA,NA
218,28,MAY,1861,"Pulteneytown Wick ",Sean,Mcbain,FARMER SERV CATTLEMAN,B,23,"574 Rathad an Duin, Na h-Eileanan Siar",Lauren,Cruickshanks,DOMESTIC SERVT (HOUSEMAID),S,21,"579 Rathad an Duin, Na h-Eileanan Siar",Michael,Mcbain,LABOUR,,Abigail,Jones,,John,Cruickshanks,WOOLEN FACTORY OVERSEER,,Cari,Powell,,SYNTHETIC DATA PRODUCED USING VALIPOP,695,712,695,712,458,405,538,571,695,712,405,458,571,538,NA,NA
219,4,JANUARY,1863,"Broadhaven Caithness",Andrew,Perrie,ACRATED WATER MANUFACTER EMPLOYING 4 MEN,B,30,"577 Rathad an Duin, Na h-Eileanan Siar",Sophie,Jones,DAIRY MAID,S,27,"7 Gearra Mor, Na h-Eileanan Siar",Joseph,Perrie,PORTER,,Chelsea,Anderson,,Matthew,Jones,WOOD SAWYER,,Sabrina,Henry,,SYNTHETIC DATA PRODUCED USING VALIPOP,659,680,659,680,524,505,544,509,659,680,505,524,509,544,NA,NA
220,21,JULY,1863,"Pulteneytown Wick ",Elliot,Cruickshanks,SCHOLAR,B,20,"9 Gearra Mor, Na h-Eileanan Siar",Amy,Jones,,S,17,"1 Burnside Park, Perth and Kinross",Luke,Cruickshanks,IRONSTONE MINER,,Emma,Mcbain,,Callum,Jones,TAILOR,,Hannah,Anderson,,SYNTHETIC DATA PRODUCED USING VALIPOP,735,754,735,754,576,585,606,595,735,754,585,576,595,606,NA,NA
222,16,NOVEMBER,1863,"Caithness",Harrison,Anderson,RAILWAY LAB,B,28,"1 Beaconsfield Terrace Lane, West End, Hawick",Katie,Mcbain,SCHOLAR,S,16,"10 Gearra Mor, Na h-Eileanan Siar",Jack,Anderson,PRINTWORK CALICO MACHINE PRINTER JOURNEYMAN,,Sian,Powell,,Christopher,Mcbain,AG LAB,,Chloe,Cruickshanks,,SYNTHETIC DATA PRODUCED USING VALIPOP,697,786,697,786,500,485,596,557,697,786,485,500,557,596,NA,NA
223,6,JANUARY,1864,"Croc North Ayrshire",Alexander,Drake,CATTLE MARKET OFFICER,W,42,"1 Ladylands Drive, Glenburn Hall, Jedburgh",Louise,Mcbain,HOUSEMAID,S,39,"574 Rathad an Duin, Na h-Eileanan Siar",Ashan,Drake,FARMER OF 27 ACRES ARRABLE 3 LAB,,Olivia,Anderson,,Michael,Mcbain,LABOUR,,Abigail,Jones,,SYNTHETIC DATA PRODUCED USING VALIPOP,613,628,613,628,466,479,458,405,613,628,479,466,405,458,NA,NA
225,18,MAY,1865,,Harrison,Anderson,PLOUGHMAN,?,38,"1 Banks Road, Caithness",Erin,Cruickshanks,BOOT BINDER,S,36,"3 Gearra Mor, Na h-Eileanan Siar",Jack,Anderson,PRINTWORK CALICO MACHINE PRINTER JOURNEYMAN,,Sian,Powell,,Luke,Cruickshanks,GAME KEEPER,,Alexandra,Perrie,,SYNTHETIC DATA PRODUCED USING VALIPOP,697,718,697,718,500,485,604,603,697,718,485,500,603,604,NA,NA
226,26,APRIL,1865,"Pulteneytown Wick ",Harry,Jones,GAME KEEPER,B,21,"7 Gearra Mor, Na h-Eileanan Siar",Sarah,Drake,DOMESTIC SERVT,S,21,"1 Bracklinn Road, Drumardoch Farm, Callander",Matthew,Jones,WOOD SAWYER,,Sabrina,Henry,,Ashan,Drake,FARMER OF 27 ACRES ARRABLE 3 LAB,,Amy,Grant,,SYNTHETIC DATA PRODUCED USING VALIPOP,741,740,741,740,544,509,542,479,741,740,509,544,479,542,NA,NA
227,23,APRIL,1865,"The Holmes Scottish Borders",Luke,Anderson,JOINER'S AP,B,27,"1 Hillside Terrace, Croc, North Ayrshire",Sophie,Drake,FLAX MILL WORKER,S,21,"575 Rathad an Duin, Na h-Eileanan Siar",Charlie,Anderson,FARMER'S SON,,Chloe,Perrie,,Luke,Drake,FARMER,,Alexandra,Henry,,SYNTHETIC DATA PRODUCED USING VALIPOP,699,736,699,736,546,535,456,489,699,736,535,546,489,456,NA,NA
228,6,SEPTEMBER,1866,,Dylan,Perrie,SHOEMAKER,B,21,"1 Milton Wynd, South Ayrshire",Madison,Anderson,MILINER,S,24,"1 Milton Wynd, South Ayrshire",Aaron,Perrie,HOUSE CARPENTER,,Sophie,Mullen,,Bradley,Anderson,PORTER SPIRIT CELLAR,,Harriet,Cruickshanks,,SYNTHETIC DATA PRODUCED USING VALIPOP,767,758,767,758,536,537,558,531,767,758,537,536,531,558,NA,NA
229,6,AUGUST,1866,"Caithness",Sam,Mullen,SHEPHERD,B,28,"2 Cowden Road, Perth and Kinross",Lauren,Cruickshanks,SCHOLAR,S,19,"9 Gearra Mor, Na h-Eileanan Siar",Cameron,Mullen,VETERINARY SURGEON,,Amy-jo,Cruickshanks,,Luke,Cruickshanks,IRONSTONE MINER,,Emma,Mcbain,,SYNTHETIC DATA PRODUCED USING VALIPOP,691,760,691,760,518,431,576,585,691,760,431,518,585,576,NA,NA
230,5,FEBRUARY,1867,,Jack,Black,PLOUGHMAN,?,30,"1 Stoopshill Crescent, Dalry, North Ayrshire",Holly,Powell,,S,32,"1 Scotia Crescent, Swinhill, Larkhall",Levi,Black,MASON'S LAB,,Amy,Grant,,Luis,Powell,SHEPHERD,,Lauren,Cruickshanks,,SYNTHETIC DATA PRODUCED USING VALIPOP,715,698,715,698,542,529,522,587,715,698,529,542,587,522,NA,NA
231,1,NOVEMBER,1867,"Na h-Eileanan Siar",Liam,Anderson,ROPE MAKER (JOURNYMAN),B,24,"1 The Glebe, Pulteneytown, Wick",Victoria,Cruickshanks,SERVANT GEN,S,23,"1 East Drive, Thomsford, Fife",Bradley,Anderson,PORTER SPIRIT CELLAR,,Harriet,Cruickshanks,,Joshua,Cruickshanks,RAILWAY LAB,,Clare,Jones,,SYNTHETIC DATA PRODUCED USING VALIPOP,743,738,743,738,558,531,504,487,743,738,531,558,487,504,NA,NA
232,11,SEPTEMBER,1867,,Luke,Anderson,CONSTABLE,D,40,"1 Hillside Terrace, Croc, North Ayrshire",Kelsey,Cruickshanks,,S,34,"1 Hamilton Terrace, Croc, North Ayrshire",Charlie,Anderson,FARMER'S SON,,Chloe,Perrie,,Luke,Cruickshanks,GAME KEEPER,,Alexandra,Perrie,,SYNTHETIC DATA PRODUCED USING VALIPOP,699,746,699,746,546,535,604,603,699,746,535,546,603,604,NA,NA
233,8,APRIL,1867,"Harden Wick ",Fergus,Cruickshanks,HAMMERMAN,B,35,"578 Rathad an Duin, Na h-Eileanan Siar",Sophie,Drake,FLAX MILL WORKER,D,25,"1 Springfield Terrace, The Holmes, Scottish Borders",Patrick,Cruickshanks,BLACKSMITH,,Emilie,Mullen,,Luke,Drake,FARMER,,Alexandra,Henry,,SYNTHETIC DATA PRODUCED USING VALIPOP,673,736,673,736,526,541,456,489,673,736,541,526,489,456,NA,NA
234,30,AUGUST,1867,"Na h-Eileanan Siar",Richard,Mcbain,SHOE MAKER,B,24,"574 Rathad an Duin, Na h-Eileanan Siar",Aimee,Cruickshanks,COTTON BLEACHER,W,23,"1 Riverside Drive, Pulteneytown, Caithness",Michael,Mcbain,LABOUR,,Abigail,Jones,,Jason,Cruickshanks,LABOURER IN A SHOP,,Sophie,Perrie,,SYNTHETIC DATA PRODUCED USING VALIPOP,737,750,737,750,458,405,534,553,737,750,405,458,553,534,NA,NA
235,20,MAY,1869,"Na h-Eileanan Siar",Mark,Mcbain,SCHOLAR,B,19,"1 Swanson Drive, Harden, Wick",Harriet,Cruickshanks,DOMESTIC SERVANT,S,22,"578 Rathad an Duin, Na h-Eileanan Siar",Joshua,Mcbain,SEAMAN,,Natasha,Perrie,,Patrick,Cruickshanks,BLACKSMITH,,Emilie,Mullen,,SYNTHETIC DATA PRODUCED USING VALIPOP,787,762,787,762,662,639,526,541,787,762,639,662,541,526,NA,NA
236,13,MAY,1869,"Pulteneytown Wick ",Toby,Drake,BOILER MAKER,B,24,"1 Bracklinn Road, Drumardoch Farm, Callander",Sarah,Mcbain,COTTON SPINNER,S,22,"10 Gearra Mor, Na h-Eileanan Siar",Ashan,Drake,FARMER OF 27 ACRES ARRABLE 3 LAB,,Amy,Grant,,Christopher,Mcbain,AG LAB,,Chloe,Cruickshanks,,SYNTHETIC DATA PRODUCED USING VALIPOP,751,764,751,764,542,479,596,557,751,764,479,542,557,596,NA,NA
237,3,OCTOBER,1870,"Broadhaven Caithness",Edward,Cruickshanks,GENERAL CLERK HABERDASHER,B,30,"578 Rathad an Duin, Na h-Eileanan Siar",Naomi,Black,,S,28,"1 Bracklinn Road, Drumardoch Farm, Callander",Patrick,Cruickshanks,BLACKSMITH,,Emilie,Mullen,,Levi,Black,MASON'S LAB,,Amy,Grant,,SYNTHETIC DATA PRODUCED USING VALIPOP,711,724,711,724,526,541,542,529,711,724,541,526,529,542,NA,NA
238,29,SEPTEMBER,1870,"Soroba Oban ",Martin,Grant,FARMER'S SON,B,26,"571 Rathad an Duin, Na h-Eileanan Siar",Emma,Jones,WIFE OF FOUNDRY,S,22,"1 Burnside Park, Perth and Kinross",Ryan,Grant,CLERK,,Amy,Cruickshanks,,Callum,Jones,TAILOR,,Hannah,Anderson,,SYNTHETIC DATA PRODUCED USING VALIPOP,733,766,733,766,552,569,606,595,733,766,569,552,595,606,NA,NA
239,29,AUGUST,1871,"Scottish Borders",Samuel,Mullen,UPHOLSTERER'S APP,B,21,"1 Kilrenny Lea, Cellardyke, Fife",Madison,Anderson,MILINER,W,26,"1 Milton Wynd, South Ayrshire",Aaron,Mullen,JOINER,,Jemma,Kidd,,Bradley,Anderson,PORTER SPIRIT CELLAR,,Harriet,Cruickshanks,,SYNTHETIC DATA PRODUCED USING VALIPOP,793,758,793,758,622,633,558,531,793,758,633,622,531,558,NA,NA
240,18,AUGUST,1871,"Na h-Eileanan Siar",Joshua,Mullen,RAIL MAKER,B,36,"1 Bankhead, Pulteneytown, Wick",Lauren,Mcbain,SCHOLAR,S,18,"10 Gearra Mor, Na h-Eileanan Siar",Max,Mullen,LABOURER,,Rachel,Perrie,,Christopher,Mcbain,AG LAB,,Chloe,Cruickshanks,,SYNTHETIC DATA PRODUCED USING VALIPOP,665,806,665,806,410,471,596,557,665,806,471,410,557,596,NA,NA
241,20,FEBRUARY,1872,"Caithness",Jacob,Powell,CARTER,B,25,"580 Rathad an Duin, Na h-Eileanan Siar",Sarah,Perrie,,S,23,"1 Asquith Place, Milnwood, North Lanarkshire",Luis,Powell,BUTLER,,Bethany,Mcbain,,William,Perrie,FARMER 12 ACRES,,Hayley,Cruickshanks,,SYNTHETIC DATA PRODUCED USING VALIPOP,765,780,765,780,608,587,582,567,765,780,587,608,567,582,NA,NA
242,5,SEPTEMBER,1873,"Na h-Eileanan Siar",Qasim,Cruickshanks,BLACKSMITHS AP,B,21,"200 Clyde Drive, Milnwood, North Lanarkshire",Natasha,Mcbain,SCHOLAR,S,19,"2 Pilot Place, Broadhaven, Caithness",Ryan,Cruickshanks,AGR LABOURER,,Abigail,Perrie,,Edward,Mcbain,SHEEPHERD,,Charlotte,Powell,,SYNTHETIC DATA PRODUCED USING VALIPOP,789,802,789,802,548,611,572,597,789,802,611,548,597,572,NA,NA
243,20,OCTOBER,1874,"Harden Wick ",Alexander,Cruickshanks,FARMER'S SON,B,34,"8 Gearra Mor, Na h-Eileanan Siar",Chelsea,Mcbain,LINEN WEAVER,S,35,"574 Rathad an Duin, Na h-Eileanan Siar",Jason,Cruickshanks,LABOURER IN A SHOP,,Sophie,Perrie,,Michael,Mcbain,LABOUR,,Abigail,Jones,,SYNTHETIC DATA PRODUCED USING VALIPOP,713,702,713,702,534,553,458,405,713,702,553,534,405,458,NA,NA
244,29,AUGUST,1874,"Timmergreens Angus",James,Cruickshanks,FARM SERV,W,29,"1 Walton Park, Findas Bank, Fife",Emma,Jones,WIFE OF FOUNDRY,W,27,"1 Nelson Road, Soroba, Oban",Luke,Cruickshanks,GAME KEEPER,,Alexandra,Perrie,,Callum,Jones,LABOURER GENERAL,,Hannah,Anderson,,SYNTHETIC DATA PRODUCED USING VALIPOP,755,766,755,766,604,603,606,595,755,766,603,604,595,606,NA,NA
245,12,JUNE,1874,"Harden Wick ",Maximillian,Perrie,COAL MINNER,B,30,"577 Rathad an Duin, Na h-Eileanan Siar",Uzma,Jones,,S,23,"1 Burnside Park, Perth and Kinross",Joseph,Perrie,LATE SEAMAN,,Chelsea,Anderson,,Callum,Jones,LABOURER GENERAL,,Elin,Drake,,SYNTHETIC DATA PRODUCED USING VALIPOP,739,794,739,794,524,505,620,595,739,794,505,524,595,620,NA,NA
246,6,JULY,1874,"Perth and Kinross",Darren,Mullen,LETTER CARRIER,B,21,"1 Kilrenny Lea, Cellardyke, Fife",Charlotte,Powell,SCHOLAR,S,18,"580 Rathad an Duin, Na h-Eileanan Siar",Aaron,Mullen,JOINER,,Jemma,Kidd,,Luis,Powell,BUTLER,,Abbie,Black,,SYNTHETIC DATA PRODUCED USING VALIPOP,807,820,807,820,622,633,584,587,807,820,633,622,587,584,NA,NA
247,6,NOVEMBER,1874,"Genoch Farm South Ayrshire",Jorell,Cruickshanks,CLERK TO J WILSON & SONS,B,26,"1 Hartrigge Crescent, Scaurs, Scottish Borders",Natasha,Mcbain,SCHOLAR,S,18,"1 Miller Lane, Pulteneytown, Wick",Michael,Cruickshanks,WOOL SPINNER,,Charlotte,Perrie,,Samuel,Mcbain,GROCERS PORTER,,Grace,Anderson,,SYNTHETIC DATA PRODUCED USING VALIPOP,773,824,773,824,586,593,700,643,773,824,593,586,643,700,NA,NA
248,24,JANUARY,1874,"Glenburn Hall Jedburgh ",Alexander,Drake,AG LAB,B,39,"1 Rowan Road, Soroba, Oban",Georgia,Drake,SCHOLAR,S,17,"1 St Molios Park, Croc, North Ayrshire",George,Drake,DEALER IN DENTIST MATENAL,,Sarah,Anderson,,Alexander,Drake,CATTLE MARKET OFFICER,,Gina,Henry,,SYNTHETIC DATA PRODUCED USING VALIPOP,663,818,663,818,408,519,560,613,663,818,519,408,613,560,NA,NA
249,11,OCTOBER,1875,"Harden Wick ",Dominic,Cruickshanks,PLOUGHMAN,B,22,"1 Carr Crescent, Crail, Fife",Beth,Jones,DOMESTIC SERVANT,S,30,"7 Gearra Mor, Na h-Eileanan Siar",Ambrose,Cruickshanks,WARPER,,Isla,Mullen,,Matthew,Jones,RETIRED COTTON SPINNER,,Sabrina,Henry,,SYNTHETIC DATA PRODUCED USING VALIPOP,809,752,809,752,658,651,544,509,809,752,651,658,509,544,NA,NA
250,9,MAY,1875,"Pulteneytown Wick ",Jonathan,Perrie,PLOUGHMAN,B,34,"577 Rathad an Duin, Na h-Eileanan Siar",Emily,Cruickshanks,GENERAL SERVANT,S,30,"578 Rathad an Duin, Na h-Eileanan Siar",Joseph,Perrie,LATE SEAMAN,,Chelsea,Anderson,,Patrick,Cruickshanks,PLOUGHMAN,,Emilie,Mullen,,SYNTHETIC DATA PRODUCED USING VALIPOP,723,748,723,748,524,505,526,541,723,748,505,524,541,526,NA,NA
252,7,SEPTEMBER,1876,"Na h-Eileanan Siar",Kieran,Anderson,DAY LABOURER,B,38,"1 The Glebe, Pulteneytown, Wick",Jessica,Mullen,,D,16,"2 Leith Walk, Pulteneytown, Wick",Bradley,Anderson,PORTER SPIRIT CELLAR,,Harriet,Cruickshanks,,Mohammad,Mullen,JOURNEYMAN CANDLEMAKER,,Amy,Grant,,SYNTHETIC DATA PRODUCED USING VALIPOP,717,870,717,870,558,531,706,661,717,870,531,558,661,706,NA,NA
253,19,JANUARY,1878,"Broadhaven Caithness",Andrew,Perrie,PIT HEAD MAN COAL MINER,W,46,"1 Pilot Row, Broadhaven, Caithness",Joanna,Jones,,S,44,"2 Gearra Mor, Na h-Eileanan Siar",Joseph,Perrie,LATE SEAMAN,,Chelsea,Anderson,,Sam,Jones,FISHERMAN,,Francesca,Powell,,SYNTHETIC DATA PRODUCED USING VALIPOP,659,672,659,672,524,505,508,517,659,672,505,524,517,508,NA,NA
254,13,OCTOBER,1878,"Pulteneytown Wick ",Liam,Anderson,LABOURER,W,34,"572 Rathad an Duin, Na h-Eileanan Siar",Amy,Jones,,W,32,"1 Roxburgh Road, Pulteneytown, Wick",Bradley,Anderson,PORTER SPIRIT CELLAR,,Harriet,Cruickshanks,,Callum,Jones,LABOURER GENERAL,,Hannah,Anderson,,SYNTHETIC DATA PRODUCED USING VALIPOP,743,754,743,754,558,531,606,595,743,754,531,558,595,606,NA,NA
255,18,NOVEMBER,1878,"Broadhaven Caithness",Ramzi,Mcbain,UPHOLSTERER,B,30,"10 Gearra Mor, Na h-Eileanan Siar",Abigail,Anderson,DRESSMAKER,S,30,"2 Park Terrace, Croc, North Ayrshire",Christopher,Mcbain,PAUPER (FORMERLY BLACKSMITH),,Chloe,Cruickshanks,,Shane,Anderson,SHAWL WEAVER,,Megan,Henry,,SYNTHETIC DATA PRODUCED USING VALIPOP,781,774,781,774,596,557,482,459,781,774,557,596,459,482,NA,NA
256,27,APRIL,1878,"East Lothian",Jack,Cruickshanks,LABOURER,B,24,"200 Clyde Drive, Milnwood, North Lanarkshire",Penny,Drake,DOMESTIC SERVANT,S,25,"1 Bracklinn Road, Drumardoch Farm, Callander",Ryan,Cruickshanks,AGR LABOURER,,Abigail,Perrie,,Ashan,Drake,FARMER OF 27 ACRES ARRABLE 3 LAB,,Amy,Grant,,SYNTHETIC DATA PRODUCED USING VALIPOP,801,800,801,800,548,611,542,479,801,800,611,548,479,542,NA,NA
257,31,MAY,1878,,Rory,Jones,,D,28,"582 Rathad an Duin, Na h-Eileanan Siar",Chantelle,Anderson,DOMESTIC SERVANT,S,24,"2 Pilot Row, Broadhaven, Caithness",Matthew,Jones,STOKER AT RAILWAY STATION,,Sabrina,Henry,,Joseph,Anderson,LABOURER,,Florence,Anderson,,SYNTHETIC DATA PRODUCED USING VALIPOP,799,830,799,830,544,509,686,669,799,830,509,544,669,686,NA,NA
258,12,MARCH,1879,"Pulteneytown Wick ",Shai,Cruickshanks,SCHOLAR,B,16,"1 Old Shore Road, Argyll and Bute",Emily,Drake,MUSLIN EMBROIDERER,S,41,"575 Rathad an Duin, Na h-Eileanan Siar",Benjamin,Cruickshanks,POWER LOOM WEAVER,,Charley,Anderson,,Luke,Drake,FORMERLY A SHEPHERD,,Alexandra,Henry,,SYNTHETIC DATA PRODUCED USING VALIPOP,879,696,879,696,670,671,456,489,879,696,671,670,489,456,NA,NA
259,26,NOVEMBER,1879,"Caithness",Gilbert,Anderson,FARMER'S SON,B,23,"6 Gearra Mor, Na h-Eileanan Siar",Charlotte,Mcbain,SCHOLAR,S,17,"2 Pilot Place, Broadhaven, Caithness",Joseph,Anderson,LABOURER,,Florence,Anderson,,Edward,Mcbain,SHEEPHERD,,Charlotte,Powell,,SYNTHETIC DATA PRODUCED USING VALIPOP,831,872,831,872,686,669,572,597,831,872,669,686,597,572,NA,NA
260,8,SEPTEMBER,1879,"Pulteneytown Wick ",Aminur,Cruickshanks,LABOURER,B,25,"9 Gearra Mor, Na h-Eileanan Siar",Rachel,Anderson,SCHOLAR,S,18,"1 Park Terrace, Croc, North Ayrshire",Luke,Cruickshanks,LABOURER,,Emma,Mcbain,,Joshua,Anderson,LABOURER,,Keira,Anderson,,SYNTHETIC DATA PRODUCED USING VALIPOP,819,880,819,880,576,585,708,657,819,880,585,576,657,708,NA,NA
261,23,FEBRUARY,1880,"Kirkton Angus",Charles,Anderson,SCHOLAR,B,19,"6 Gearra Mor, Na h-Eileanan Siar",Amy,Jones,WASHERWOMAN,S,21,"1 Burnside Park, Perth and Kinross",Joseph,Anderson,LABOURER,,Florence,Anderson,,Callum,Jones,LABOURER GENERAL,,Elin,Drake,,SYNTHETIC DATA PRODUCED USING VALIPOP,845,836,845,836,686,669,620,595,845,836,669,686,595,620,NA,NA
262,8,OCTOBER,1880,"Pulteneytown Wick ",Aaron,Mullen,GROCER,B,28,"1 Kilrenny Lea, Cellardyke, Fife",Rhianna,Black,MERCHANT'S DAUR,S,22,"568 Rathad an Duin, Na h-Eileanan Siar",Aaron,Mullen,JOINER,,Jemma,Kidd,,Nigel,Black,SHIP CARPENTER,,Holly,Cruickshanks,,SYNTHETIC DATA PRODUCED USING VALIPOP,797,834,797,834,622,633,566,559,797,834,633,622,559,566,NA,NA
263,12,DECEMBER,1881,"Na h-Eileanan Siar",Teejay,Anderson,PLOUGHMAN,B,33,"1 The Glebe, Pulteneytown, Wick",Faye,Mcbain,KITCHEN MAID,S,25,"1 Swanson Drive, Harden, Wick",Bradley,Anderson,PORTER SPIRIT CELLAR,,Harriet,Cruickshanks,,Joshua,Mcbain,COTTON WEAVER,,Natasha,Perrie,,SYNTHETIC DATA PRODUCED USING VALIPOP,771,822,771,822,558,531,662,639,771,822,531,558,639,662,NA,NA
264,22,FEBRUARY,1881,"Na h-Eileanan Siar",Oliver,Mcbain,PLOUGHMAN,B,20,"1 Swanson Drive, Harden, Wick",Chloe,Grant,SCHOLAR,S,17,"1 Birch Avenue, Southfield, Scottish Borders",Joshua,Mcbain,COTTON WEAVER,,Natasha,Perrie,,Josh,Grant,COAL MINER,,Lydia,Cruickshanks,,SYNTHETIC DATA PRODUCED USING VALIPOP,843,876,843,876,662,639,652,609,843,876,639,662,609,652,NA,NA
265,9,AUGUST,1881,"Croc North Ayrshire",Dipesh,Anderson,FLESHER,B,25,"2 Hartrigge Crescent, Scaurs, Scottish Borders",Charlotte,Mcbain,SCHOLAR,W,19,"3 Banks Road, Caithness",Jack,Anderson,STONE DYKER,,Emma,Cruickshanks,,Edward,Mcbain,MANAGER FLAX SPINNING MILL,,Charlotte,Powell,,SYNTHETIC DATA PRODUCED USING VALIPOP,837,872,837,872,640,645,572,597,837,872,645,640,597,572,NA,NA
266,31,AUGUST,1882,"Broadhaven Caithness",Oliver,Anderson,SCHOLAR,B,16,"6 Gearra Mor, Na h-Eileanan Siar",Sophia,Mcbain,,S,48,"574 Rathad an Duin, Na h-Eileanan Siar",Joseph,Anderson,LABOURER,,Florence,Anderson,,Michael,Mcbain,LABOUR,,Abigail,Jones,,SYNTHETIC DATA PRODUCED USING VALIPOP,905,668,905,668,686,669,458,405,905,668,669,686,405,458,NA,NA
267,25,JUNE,1882,"Kirkton Angus",James,Mcbain,FARMER'S SON,B,37,"10 Gearra Mor, Na h-Eileanan Siar",Daniella,Jones,,S,33,"1 Burnside Park, Perth and Kinross",Christopher,Mcbain,PAUPER (FORMERLY BLACKSMITH),,Chloe,Cruickshanks,,Callum,Jones,AG LABOROUR,,Elin,Drake,,SYNTHETIC DATA PRODUCED USING VALIPOP,753,782,753,782,596,557,620,595,753,782,557,596,595,620,NA,NA
268,11,JANUARY,1883,"Argyll and Bute",Thomas,Cruickshanks,MECHANIC,B,22,"1 Hebridean Gardens, Crieff, Perth and Kinross",Symone,Jones,,S,31,"1 The Glebe, Pulteneytown, Wick",Benjamin,Cruickshanks,POWER LOOM WEAVER,,Sophie,Perrie,,Luke,Jones,ANNUITANT,,Harriet,Cruickshanks,,SYNTHETIC DATA PRODUCED USING VALIPOP,851,790,851,790,684,671,558,575,851,790,671,684,575,558,NA,NA
269,15,JANUARY,1883,"Girvan South Ayrshire",James,Perrie,SON & PLOUGHMAN,B,26,"1 Burnflat Drive, West End, Scottish Borders",Amy,Grant,SEWER,S,23,"1 Torrie Wyne, Fife",Callum,Perrie,PLOUGHMAN,,Safiyah,Cruickshanks,,Connor,Grant,PLOUGHMAN,,Claire,Powell,,SYNTHETIC DATA PRODUCED USING VALIPOP,821,838,821,838,626,591,638,617,821,838,591,626,617,638,NA,NA
270,15,JULY,1883,"Na h-Eileanan Siar",Abel,Mullen,FARMERS SON,B,20,"2 Swanson Drive, Harden, Wick",Paige,Mcbain,,S,24,"1 Miller Lane, Pulteneytown, Wick",Mohammad,Mullen,WEAVER,,Amy,Grant,,Samuel,Mcbain,HAWKER,,Grace,Anderson,,SYNTHETIC DATA PRODUCED USING VALIPOP,891,860,891,860,706,661,700,643,891,860,661,706,643,700,NA,NA
271,27,SEPTEMBER,1883,"Pulteneytown Wick ",James,Jones,DRAPER,B,27,"1 The Glebe, Pulteneytown, Wick",Christina,Anderson,UMBERELLA MAKER,S,22,"573 Rathad an Duin, Na h-Eileanan Siar",Luke,Jones,ANNUITANT,,Charleigh,Black,,Thomas,Anderson,JOINER,,Aimee,Cruickshanks,,SYNTHETIC DATA PRODUCED USING VALIPOP,823,862,823,862,678,575,750,689,823,862,575,678,689,750,NA,NA
272,4,AUGUST,1885,"Na h-Eileanan Siar",Paul,Cruickshanks,SCHOLAR,B,16,"4 Swanson Drive, Harden, Wick",Rhianna,Black,MERCHANT'S DAUR,W,28,"3 Hill Avenue, Pulteneytown, Wick",Fergus,Cruickshanks,,,Sophie,Drake,,Nigel,Black,SHIP CARPENTER,,Holly,Cruickshanks,,SYNTHETIC DATA PRODUCED USING VALIPOP,933,834,933,834,736,673,566,559,933,834,673,736,559,566,NA,NA
273,16,JUNE,1885,"Na h-Eileanan Siar",Niall,Mullen,SCHOLAR,B,17,"2 Swanson Drive, Harden, Wick",Katie,Jones,DOMESTIC SERVANT,S,25,"1 The Glebe, Pulteneytown, Wick",Mohammad,Mullen,WEAVER,,Amy,Grant,,Luke,Jones,ANNUITANT,,Charleigh,Black,,SYNTHETIC DATA PRODUCED USING VALIPOP,907,844,907,844,706,661,678,575,907,844,661,706,575,678,NA,NA
274,4,JUNE,1885,"Fife",Samuel,Grant,SPIRIT DEALERS MANAGER,B,22,"1 Torrie Wyne, Fife",Gemma,Mcbain,,S,25,"1 Miller Lane, Pulteneytown, Wick",Connor,Grant,PLOUGHMAN,,Claire,Powell,,Samuel,Mcbain,HAWKER,,Grace,Anderson,,SYNTHETIC DATA PRODUCED USING VALIPOP,865,846,865,846,638,617,700,643,865,846,617,638,643,700,NA,NA
275,26,SEPTEMBER,1885,"Pulteneytown Wick ",Charles,Black,PRINTER PRESSMAN,B,24,"1 Fife Park, Northbank Farm Steadings, Fife",Chloe,Cruickshanks,COTTON MILL WORKER,S,26,"1 Gearra Mor, Na h-Eileanan Siar",Nicholas,Black,COAL TRIMMER,,Enya,Mullen,,Conor,Cruickshanks,HOUSE CARPENTER (JOUR),,Georgia,Mullen,,SYNTHETIC DATA PRODUCED USING VALIPOP,861,840,861,840,704,693,588,573,861,840,693,704,573,588,NA,NA
276,10,MAY,1885,"Na h-Eileanan Siar",Rory,Mullen,COACHMAN DOMESTIC SERV,B,21,"2 Swanson Drive, Harden, Wick",Chloe,Drake,AG LAB,S,21,"3 Swanson Drive, Harden, Wick",Mohammad,Mullen,WEAVER,,Amy,Grant,,Aaron,Drake,LABOURER,,Anna,Perrie,,SYNTHETIC DATA PRODUCED USING VALIPOP,881,878,881,878,706,661,674,709,881,878,661,706,709,674,NA,NA
277,21,MAY,1885,"Auchreoch Stirling",Aydin,Jones,WRIGHT,B,23,"1 Burnside Park, Perth and Kinross",Robyn,Anderson,SCHOLAR,S,18,"573 Rathad an Duin, Na h-Eileanan Siar",Callum,Jones,AG LABOROUR,,Elin,Drake,,Thomas,Anderson,JOINER,,Aimee,Cruickshanks,,SYNTHETIC DATA PRODUCED USING VALIPOP,863,910,863,910,620,595,750,689,863,910,595,620,689,750,NA,NA
278,15,JULY,1886,"Echline Kirkliston ",Dylan,Perrie,LABOURER IN SUGAR HOUSE,B,30,"1 Asquith Place, Milnwood, North Lanarkshire",Georgia,Drake,,W,32,"1 Ladylands Drive, Glenburn Hall, Jedburgh",William,Perrie,FARMER 12 ACRES,,Hayley,Cruickshanks,,Alexander,Drake,FARMER OF 42 ACRES,,Gina,Henry,,SYNTHETIC DATA PRODUCED USING VALIPOP,835,818,835,818,582,567,560,613,835,818,567,582,613,560,NA,NA
279,25,AUGUST,1886,"Na h-Eileanan Siar",Kyle,Mcbain,FARMER SON,B,30,"1 Swanson Drive, Harden, Wick",Rachel,Anderson,STARCH WORKER,D,24,"1 Newton Avenue, Pulteneytown, Wick",Joshua,Mcbain,COTTON WEAVER,,Natasha,Perrie,,Joshua,Anderson,AG LAB,,Keira,Anderson,,SYNTHETIC DATA PRODUCED USING VALIPOP,839,880,839,880,662,639,708,657,839,880,639,662,657,708,NA,NA
280,31,DECEMBER,1887,,Aminur,Cruickshanks,WOOL WARPER,D,35,"1 Rathad nam Beicearan, Na h-Eileanan Siar",Megan,Jones,,S,37,"1 Mowat Place, Broadhaven, Wick",Luke,Cruickshanks,LABOURER,,Emma,Mcbain,,Callum,Jones,AG LABOROUR,,Elin,Drake,,SYNTHETIC DATA PRODUCED USING VALIPOP,819,808,819,808,576,585,620,595,819,808,585,576,595,620,NA,NA
281,15,APRIL,1887,"Na h-Eileanan Siar",Thomas,Mcbain,OPERATIVE COTTON SPINNER,B,35,"2 Pilot Place, Broadhaven, Caithness",Chloe,Perrie,DOMESTIC SERVT,S,26,"1 Burnflat Drive, West End, Scottish Borders",Edward,Mcbain,MANAGER FLAX SPINNING MILL,,Charlotte,Powell,,Callum,Perrie,PLOUGHMAN,,Safiyah,Cruickshanks,,SYNTHETIC DATA PRODUCED USING VALIPOP,791,842,791,842,572,597,626,591,791,842,597,572,591,626,NA,NA
282,29,AUGUST,1888,"Pulteneytown Wick ",Thomas,Mcbain,OPERATIVE COTTON SPINNER,D,39,"584 Rathad an Duin, Na h-Eileanan Siar",Leoni,Anderson,,S,24,"573 Rathad an Duin, Na h-Eileanan Siar",Edward,Mcbain,MANAGER FLAX SPINNING MILL,,Charlotte,Powell,,Thomas,Anderson,JOINER,,Aimee,Cruickshanks,,SYNTHETIC DATA PRODUCED USING VALIPOP,791,898,791,898,572,597,750,689,791,898,597,572,689,750,NA,NA
283,9,JANUARY,1889,,Matthew,Black,PLOUGHMAN,B,22,"4 Gearra Mor, Na h-Eileanan Siar",Laura,Cruickshanks,,S,21,"4 Gearra Mor, Na h-Eileanan Siar",Nicholas,Black,TAILOR,,Enya,Mullen,,Fergus,Cruickshanks,,,Sophie,Drake,,SYNTHETIC DATA PRODUCED USING VALIPOP,929,940,929,940,704,693,736,673,929,940,693,704,673,736,NA,NA
284,27,FEBRUARY,1889,"Na h-Eileanan Siar",Danyaal,Jones,SOLDIER,B,24,"1 Burnside Park, Perth and Kinross",Kayleigh,Mullen,SCHOLAR,S,17,"2 Banks Road, Caithness",Callum,Jones,AG LABOROUR,,Elin,Drake,,Sam,Mullen,CARTER,,Lauren,Cruickshanks,,SYNTHETIC DATA PRODUCED USING VALIPOP,887,942,887,942,620,595,760,691,887,942,595,620,691,760,NA,NA
285,20,NOVEMBER,1890,"Croc North Ayrshire",Rhys,Anderson,LEARNING TO BE A FARMER,B,23,"2 Hartrigge Crescent, Scaurs, Scottish Borders",Erin,Drake,SCHOLAR,S,16,"1 Huddart Street, Pulteneytown, Wick",Jack,Anderson,COTTON WEAVER,,Emma,Cruickshanks,,Toby,Drake,AG LAB,,Sarah,Mcbain,,SYNTHETIC DATA PRODUCED USING VALIPOP,923,986,923,986,640,645,764,751,923,986,645,640,751,764,NA,NA
286,4,FEBRUARY,1891,"Na h-Eileanan Siar",Daniel,Black,COAL MINER,B,26,"1 Stoopshill Crescent, Dalry, North Ayrshire",Billie,Mcbain,DOMESTIC SERVANT,S,27,"1 West Park, Pulteneytown, Wick",Jack,Black,CARP MATE,,Caitlin,Mullen,,Sean,Mcbain,AG LAB,,Lauren,Cruickshanks,,SYNTHETIC DATA PRODUCED USING VALIPOP,885,886,885,886,714,715,712,695,885,886,715,714,695,712,NA,NA
287,2,JUNE,1892,"Broomridge Bannockburn ",Shiv,Mcbain,FISHERMAN,B,28,"1 Miller Lane, Pulteneytown, Wick",Alana,Grant,SHEPHERD DAUR,S,29,"1 Torrie Wyne, Fife",Samuel,Mcbain,LABOURER,,Grace,Anderson,,Connor,Grant,PLOUGHMAN,,Claire,Powell,,SYNTHETIC DATA PRODUCED USING VALIPOP,883,874,883,874,700,643,638,617,883,874,643,700,617,638,NA,NA
288,10,SEPTEMBER,1892,"Caithness",David,Mcbain,PLOUGHMAN,B,21,"573 Rathad an Duin, Na h-Eileanan Siar",Hannah,Grant,HOUSE MAID,S,23,"1 Torrie Wyne, Fife",Richard,Mcbain,GROCER,,Aimee,Cruickshanks,,Connor,Grant,PLOUGHMAN,,Claire,Powell,,SYNTHETIC DATA PRODUCED USING VALIPOP,947,924,947,924,750,737,638,617,947,924,737,750,617,638,NA,NA
289,6,NOVEMBER,1892,"Scaurs Jedburgh ",Gordon,Mcbain,SHOEMAKER JOUR,B,20,"1 West Park, Pulteneytown, Wick",Masuma,Anderson,,S,21,"1 Hamilton Terrace, Croc, North Ayrshire",Sean,Mcbain,AG LAB,,Lauren,Cruickshanks,,Luke,Anderson,HAND LOOM JUTE WEAVER,,Kelsey,Cruickshanks,,SYNTHETIC DATA PRODUCED USING VALIPOP,939,932,939,932,712,695,746,699,939,932,695,712,699,746,NA,NA
290,31,JANUARY,1892,"South Ayrshire",George,Perrie,FARMERS SON,B,25,"1 Burnflat Drive, West End, Scottish Borders",Jessica,Cruickshanks,COTTON MILL WORKER,S,22,"1 Hill Avenue, Pulteneytown, Wick",Callum,Perrie,PROPRIETOR OF HOUSES,,Safiyah,Cruickshanks,,Elliot,Cruickshanks,FOUNDRY LABOURER,,Amy,Jones,,SYNTHETIC DATA PRODUCED USING VALIPOP,903,934,903,934,626,591,754,735,903,934,591,626,735,754,NA,NA
291,7,SEPTEMBER,1892,"Na h-Eileanan Siar",Jack,Perrie,GROOM,B,31,"1 Burnflat Drive, West End, Scottish Borders",Erin,Mcbain,,S,22,"1 Miller Lane, Pulteneytown, Wick",Callum,Perrie,PROPRIETOR OF HOUSES,,Safiyah,Cruickshanks,,Samuel,Mcbain,LABOURER,,Grace,Anderson,,SYNTHETIC DATA PRODUCED USING VALIPOP,855,928,855,928,626,591,700,643,855,928,591,626,643,700,NA,NA
292,21,MARCH,1893,"Na h-Eileanan Siar",Charles,Black,BOOKBINDER JOUR,W,31,"2 The Glebe, Pulteneytown, Wick",Lydia,Cruickshanks,STOCKING NITTERS,S,22,"1 Hebridean Gardens, Crieff, Perth and Kinross",Nicholas,Black,TAILOR,,Enya,Mullen,,Benjamin,Cruickshanks,AG LABOURER (PLOUGHMAN),,Sophie,Perrie,,SYNTHETIC DATA PRODUCED USING VALIPOP,861,926,861,926,704,693,684,671,861,926,693,704,671,684,NA,NA
293,20,DECEMBER,1893,"The Holmes Scottish Borders",Jamie,Cruickshanks,PLOUGHMAN,B,31,"1 Carr Crescent, Crail, Fife",Sara,Black,HOUSE MAID,S,23,"1 Stoopshill Crescent, Dalry, North Ayrshire",Ambrose,Cruickshanks,LABOURER,,Isla,Mullen,,Jack,Black,CARP MATE,,Caitlin,Mullen,,SYNTHETIC DATA PRODUCED USING VALIPOP,867,930,867,930,658,651,714,715,867,930,651,658,715,714,NA,NA
294,10,OCTOBER,1894,"Na h-Eileanan Siar",Jack,Mullen,SCHOLAR,B,18,"2 Swanson Drive, Harden, Wick",Sarah,Mcbain,FUND HOLDER,W,49,"1 Huddart Street, Pulteneytown, Wick",Mohammad,Mullen,WEAVER,,Amy,Grant,,Christopher,Mcbain,PAUPER (FORMERLY BLACKSMITH),,Chloe,Cruickshanks,,SYNTHETIC DATA PRODUCED USING VALIPOP,1003,764,1003,764,706,661,596,557,1003,764,661,706,557,596,NA,NA
295,13,JULY,1894,"Broadhaven Caithness",Muhammad,Cruickshanks,BEAMER IN PRINT WORK,B,25,"1 Carr Crescent, Crail, Fife",Chloe,Drake,,W,31,"2 Gearra Mor, Na h-Eileanan Siar",Ambrose,Cruickshanks,LABOURER,,Isla,Mullen,,Aaron,Drake,STONE MASON,,Anna,Perrie,,SYNTHETIC DATA PRODUCED USING VALIPOP,925,878,925,878,658,651,674,709,925,878,651,658,709,674,NA,NA
296,22,OCTOBER,1895,"North Ayrshire",Oliver,Black,LABOURER,B,28,"1 Scotia Crescent, Swinhill, Larkhall",Masuma,Anderson,,W,27,"2 Old Bridge End, Scaurs, Jedburgh",Jack,Black,CARP MATE,,Holly,Powell,,Luke,Anderson,HAND LOOM JUTE WEAVER,,Kelsey,Cruickshanks,,SYNTHETIC DATA PRODUCED USING VALIPOP,927,932,927,932,698,715,746,699,927,932,715,698,699,746,NA,NA
297,1,SEPTEMBER,1896,"Harden Wick ",Daniel,Powell,HOSTLER,B,45,"580 Rathad an Duin, Na h-Eileanan Siar",Chloe,Grant,FLAX SPIN,W,36,"571 Rathad an Duin, Na h-Eileanan Siar",Luis,Powell,BUTLER,,Abbie,Black,,Josh,Grant,COAL MINER,,Lydia,Cruickshanks,,SYNTHETIC DATA PRODUCED USING VALIPOP,805,876,805,876,584,587,652,609,805,876,587,584,609,652,NA,NA
298,16,SEPTEMBER,1896,"Pulteneytown Wick ",Asim,Anderson,COAL DEALER,B,36,"6 Gearra Mor, Na h-Eileanan Siar",Billie,Mcbain,DOMESTIC SERVANT,W,34,"568 Rathad an Duin, Na h-Eileanan Siar",Joseph,Anderson,JOURNEYMAN SHOEMAKER,,Florence,Anderson,,Sean,Mcbain,AG LAB,,Lauren,Cruickshanks,,SYNTHETIC DATA PRODUCED USING VALIPOP,869,886,869,886,686,669,712,695,869,886,669,686,695,712,NA,NA
299,6,MAY,1896,"Moffat Dumfries and Galloway",Kieran,Mullen,BLACKSMITH,B,21,"1 Cowden Road, Perth and Kinross",Erin,Drake,COTTON MILL WORKER,W,21,"13 Kinneil Park, Croc, North Ayrshire",Darren,Mullen,HAWKER,,Charlotte,Powell,,Toby,Drake,AG LAB,,Sarah,Mcbain,,SYNTHETIC DATA PRODUCED USING VALIPOP,989,986,989,986,820,807,764,751,989,986,807,820,751,764,NA,NA
300,19,AUGUST,1896,"Broadhaven Caithness",Ellis,Drake,COAL MINER,B,22,"1 Buie Haugh, Echline, Kirkliston",Brooke,Mullen,,S,18,"581 Rathad an Duin, Na h-Eileanan Siar",Alexander,Drake,MASON,,Georgia,Drake,,Joshua,Mullen,SCAVENGER,,Lauren,Mcbain,,SYNTHETIC DATA PRODUCED USING VALIPOP,991,1014,991,1014,818,663,806,665,991,1014,663,818,665,806,NA,NA
301,21,MARCH,1896,"Na h-Eileanan Siar",Niall,Mullen,PLOUGHMAN,W,30,"574 Rathad an Duin, Na h-Eileanan Siar",Isabel,Perrie,SCHOLAR,S,16,"6 Swanson Drive, Harden, Wick",Mohammad,Mullen,WEAVER,,Amy,Grant,,Maximillian,Perrie,FURNACEMAN,,Uzma,Jones,,SYNTHETIC DATA PRODUCED USING VALIPOP,907,1012,907,1012,706,661,794,739,907,1012,661,706,739,794,NA,NA
302,20,DECEMBER,1897,"Pulteneytown Wick ",Harry,Mcbain,,B,24,"5 Gearra Mor, Na h-Eileanan Siar",Rachel,Anderson,MILL WORKER,W,35,"583 Rathad an Duin, Na h-Eileanan Siar",Mark,Mcbain,GROCER & SPIRIT MERCHANT,,Harriet,Cruickshanks,,Joshua,Anderson,CARTER,,Keira,Anderson,,SYNTHETIC DATA PRODUCED USING VALIPOP,963,880,963,880,762,787,708,657,963,880,787,762,657,708,NA,NA
303,6,AUGUST,1897,"Na h-Eileanan Siar",Maximilian,Jones,MASTER TAILOR EMPY 2 BOYS,B,32,"1 The Glebe, Pulteneytown, Wick",Tiffany,Anderson,,S,30,"1 Banks Road, Caithness",Luke,Jones,DAY LABOURER,,Charleigh,Black,,Harrison,Anderson,LAB IN COAL BOATS,,Katie,Mcbain,,SYNTHETIC DATA PRODUCED USING VALIPOP,889,900,889,900,678,575,786,697,889,900,575,678,697,786,NA,NA
304,2,OCTOBER,1898,"Stirling",Dominic,Cruickshanks,TOBACCO PIPE MAKER,B,36,"1 Carr Crescent, Crail, Fife",Hope,Grant,,S,36,"1 Torrie Wyne, Fife",Ambrose,Cruickshanks,LABOURER,,Isla,Mullen,,Connor,Grant,PLOUGHMAN,,Claire,Powell,,SYNTHETIC DATA PRODUCED USING VALIPOP,857,856,857,856,658,651,638,617,857,856,651,658,617,638,NA,NA
305,22,FEBRUARY,1898,"Southfield Scottish Borders",Samuel,Grant,LABOURER,W,35,"89 Upper Kinneddar, Fife",Jessica,Cruickshanks,COTTON MILL WORKER,W,28,"1589 Castle Road, South Ayrshire",Connor,Grant,PLOUGHMAN,,Claire,Powell,,Elliot,Cruickshanks,FOUNDRY LABOURER,,Amy,Jones,,SYNTHETIC DATA PRODUCED USING VALIPOP,865,934,865,934,638,617,754,735,865,934,617,638,735,754,NA,NA
306,26,OCTOBER,1899,"Na h-Eileanan Siar",Dominic,Cruickshanks,MILLWRIGHT,W,47,"7 Swanson Drive, Harden, Wick",Uzma,Jones,SEAMSTRESS,W,49,"6 Swanson Drive, Harden, Wick",Ambrose,Cruickshanks,LABOURER,,Isla,Mullen,,Callum,Jones,LABOURER AT HARBOUR,,Elin,Drake,,SYNTHETIC DATA PRODUCED USING VALIPOP,809,794,809,794,658,651,620,595,809,794,651,658,595,620,NA,NA
307,26,APRIL,1899,"Na h-Eileanan Siar",Ross,Mullen,,B,24,"2 Banks Road, Caithness",Jessica,Powell,SCHOLAR,S,17,"1 Young Crescent, Caithness",Sam,Mullen,CARTER,,Lauren,Cruickshanks,,Jacob,Powell,LAB,,Sarah,Perrie,,SYNTHETIC DATA PRODUCED USING VALIPOP,961,1030,961,1030,760,691,780,765,961,1030,691,760,765,780,NA,NA
308,28,JULY,1900,"Na h-Eileanan Siar",George,Mullen,SCHOLAR,B,18,"2 Swanson Drive, Harden, Wick",Caroline,Mcbain,DOMESTIC SERVANT,S,25,"573 Rathad an Duin, Na h-Eileanan Siar",Mohammad,Mullen,WEAVER,,Amy,Grant,,Richard,Mcbain,SHEPHERD,,Aimee,Cruickshanks,,SYNTHETIC DATA PRODUCED USING VALIPOP,1021,960,1021,960,706,661,750,737,1021,960,661,706,737,750,NA,NA
309,12,OCTOBER,1901,"Pulteneytown Wick ",Paul,Cruickshanks,SHIP CARPENTER,W,32,"1 Tighean Allt na Broige, Na h-Eileanan Siar",Jessica,Anderson,DRESSMAKER,S,21,"12 Gearra Mor, Na h-Eileanan Siar",Fergus,Cruickshanks,RAILWAY STATION MASTER,,Sophie,Drake,,Kieran,Anderson,GENERAL PRACTITIONER OF MEDICINE & SURGEON MEN ED SURGEONS L,,Jessica,Mullen,,SYNTHETIC DATA PRODUCED USING VALIPOP,933,1034,933,1034,736,673,870,717,933,1034,673,736,717,870,NA,NA
310,26,APRIL,1902,"Pulteneytown Wick ",Matthew,Mcbain,MASONS LABOURER,B,32,"5 Gearra Mor, Na h-Eileanan Siar",Leoni,Anderson,CROFTER WIFE,W,38,"1 Waverley Road, Pulteneytown, Wick",Mark,Mcbain,GROCER & SPIRIT MERCHANT,,Harriet,Cruickshanks,,Thomas,Anderson,JOINER,,Aimee,Cruickshanks,,SYNTHETIC DATA PRODUCED USING VALIPOP,949,898,949,898,762,787,750,689,949,898,787,762,689,750,NA,NA
311,14,FEBRUARY,1902,"Hillpark Bannockburn ",Matthew,Cruickshanks,SCHOLAR,B,18,"61 The Gardens, East Lothian",Laura,Cruickshanks,SCHOLAR,S,18,"4 Swanson Drive, Harden, Wick",Jack,Cruickshanks,COMMERCIAL TRAVELLER,,Penny,Drake,,Fergus,Cruickshanks,RAILWAY STATION MASTER,,Sophie,Drake,,SYNTHETIC DATA PRODUCED USING VALIPOP,1057,1056,1057,1056,800,801,736,673,1057,1056,801,800,673,736,NA,NA
313,19,DECEMBER,1905,"Na h-Eileanan Siar",Mohammed,Cruickshanks,PAINTER,B,24,"61 The Gardens, East Lothian",Sian,Jones,FARMER'S DAUR,S,23,"2 Pilot Row, Broadhaven, Caithness",Jack,Cruickshanks,COMB MAKER,,Penny,Drake,,Rory,Jones,GROOM,,Chantelle,Anderson,,SYNTHETIC DATA PRODUCED USING VALIPOP,1031,1044,1031,1044,800,801,830,799,1031,1044,801,800,799,830,NA,NA
314,27,JULY,1905,"Pulteneytown Wick ",Matthew,Cruickshanks,,B,19,"169 Battery Road, Pulteneytown, Wick",Frances,Perrie,DRESSMAKER,S,21,"1 Gearra Mor, Na h-Eileanan Siar",Aminur,Cruickshanks,AG LAB,,Rachel,Anderson,,Maximillian,Perrie,FURNACEMAN,,Uzma,Jones,,SYNTHETIC DATA PRODUCED USING VALIPOP,1091,1070,1091,1070,880,819,794,739,1091,1070,819,880,739,794,NA,NA
315,21,AUGUST,1905,"Na h-Eileanan Siar",Troy,Jones,GARDENER,B,25,"2 Pilot Row, Broadhaven, Caithness",Abigail,Mcbain,DOMESTIC SERT,S,20,"1 Millfield Place, Kirkton, Angus",Rory,Jones,GROOM,,Chantelle,Anderson,,James,Mcbain,PIT FIREMAN STOKER,,Daniella,Jones,,SYNTHETIC DATA PRODUCED USING VALIPOP,1033,1068,1033,1068,830,799,782,753,1033,1068,799,830,753,782,NA,NA
316,17,SEPTEMBER,1906,"Na h-Eileanan Siar",Jake,Anderson,IRONSTONE MINER,B,36,"1 Hill Avenue, Pulteneytown, Wick",Jessica,Cruickshanks,,W,37,"1 Cherry Bank, Southfield, Scottish Borders",Liam,Anderson,IRON WORKS LABOURER,,Victoria,Cruickshanks,,Elliot,Cruickshanks,FOUNDRY LABOURER,,Amy,Jones,,SYNTHETIC DATA PRODUCED USING VALIPOP,931,934,931,934,738,743,754,735,931,934,743,738,735,754,NA,NA
317,18,NOVEMBER,1907,"Harden Wick ",Maxwell,Mcbain,ENGINEER PATTERN MAKER,B,21,"8 Swanson Drive, Harden, Wick",Chloe,Anderson,DAIRYMAID,D,23,"574 Rathad an Duin, Na h-Eileanan Siar",Oliver,Mcbain,LABOURER AT COLLIERY,,Chloe,Grant,,Kieran,Anderson,GENERAL PRACTITIONER OF MEDICINE & SURGEON MEN ED SURGEONS L,,Jessica,Mullen,,SYNTHETIC DATA PRODUCED USING VALIPOP,1085,1072,1085,1072,876,843,870,717,1085,1072,843,876,717,870,NA,NA
318,12,MARCH,1908,"Broadhaven Caithness",Matthew,Black,LABOURER,W,37,"4 Gearra Mor, Na h-Eileanan Siar",Iqrah,Cruickshanks,MASON'S WIFE,S,26,"11 Gearra Mor, Na h-Eileanan Siar",Nicholas,Black,TAILOR,,Enya,Mullen,,Qasim,Cruickshanks,RAILWAY WAGGON MENDER,,Natasha,Mcbain,,SYNTHETIC DATA PRODUCED USING VALIPOP,929,1032,929,1032,704,693,802,789,929,1032,693,704,789,802,NA,NA
319,20,JANUARY,1908,"Na h-Eileanan Siar",Luke,Mcbain,AG LAB,B,28,"1 Pilot Row, Broadhaven, Caithness",Stacey,Jones,,S,19,"102 Lower Station Road, Auchreoch, Stirling",Ramzi,Mcbain,LANDED PROPRIETOR,,Abigail,Anderson,,Aydin,Jones,,,Robyn,Anderson,,SYNTHETIC DATA PRODUCED USING VALIPOP,1029,1120,1029,1120,774,781,910,863,1029,1120,781,774,863,910,NA,NA
320,30,JUNE,1909,"Glenburn Hall Jedburgh ",Guy,Cruickshanks,JOINERS SON,B,16,"61 The Gardens, East Lothian",Bethany,Cruickshanks,FARNS DAUR,S,34,"1 Castle Road, Genoch Farm, South Ayrshire",Jack,Cruickshanks,COMB MAKER,,Penny,Drake,,Jorell,Cruickshanks,STONE MASON,,Natasha,Mcbain,,SYNTHETIC DATA PRODUCED USING VALIPOP,1151,990,1151,990,800,801,824,773,1151,990,801,800,773,824,NA,NA
321,30,DECEMBER,1911,"Na h-Eileanan Siar",Simon,Jones,FISHERMAN,B,24,"2 Leith Walk, Pulteneytown, Wick",Ciara,Mullen,,S,22,"1 Pilot Place, Broadhaven, Caithness",James,Jones,IRON TURNER (AP),,Christina,Anderson,,Rory,Mullen,COACHMAN DOMESTIC SERV,,Chloe,Drake,,SYNTHETIC DATA PRODUCED USING VALIPOP,1083,1102,1083,1102,862,823,878,881,1083,1102,823,862,881,878,NA,NA
322,15,JUNE,1911,"Highland",Daniel,Perrie,PLOUGHMAN,B,31,"4 Pilot Place, Broadhaven, Caithness",Abigail,Black,AG LAB,S,23,"198 School Lane, Na h-Eileanan Siar",Andrew,Perrie,RETIRED FARMER,,Joanna,Jones,,Charles,Black,LABOURER,,Chloe,Cruickshanks,,SYNTHETIC DATA PRODUCED USING VALIPOP,1019,1100,1019,1100,672,659,840,861,1019,1100,659,672,861,840,NA,NA
323,8,NOVEMBER,1911,"Highland",Benjamin,Cruickshanks,BASKET MAKER,B,30,"1 Denley Gardens, Timmergreens, Angus",Kerri,Grant,SCHOLAR,S,18,"1 Druim An Aoil, Na h-Eileanan Siar",James,Cruickshanks,COAL MINER,,Emma,Jones,,Samuel,Grant,HOUSE CARPENTER,,Gemma,Mcbain,,SYNTHETIC DATA PRODUCED USING VALIPOP,1027,1136,1027,1136,766,755,846,865,1027,1136,755,766,865,846,NA,NA
324,25,JULY,1912,"Girvan South Ayrshire",Jack,Mullen,SCHOLAR,B,16,"90 Meadow Bank, Moffat, Dumfries and Galloway",Alexandra,Mcbain,,S,19,"1 Mowat Road, Caithness",Kieran,Mullen,LOCOMOTIVE FIREMAN,,Erin,Drake,,David,Mcbain,PLOUGHMAN,,Hannah,Grant,,SYNTHETIC DATA PRODUCED USING VALIPOP,1179,1156,1179,1156,986,989,924,947,1179,1156,989,986,947,924,NA,NA
325,7,APRIL,1912,"Na h-Eileanan Siar",Nicholas,Perrie,SCHOLAR,B,18,"1 Buie Haugh, Echline, Kirkliston",Marya,Mcbain,SCHOLAR,S,16,"8 Swanson Drive, Harden, Wick",Dylan,Perrie,LABOURER IN SUGAR HOUSE,,Georgia,Drake,,Oliver,Mcbain,LABOURER AT COLLIERY,,Chloe,Grant,,SYNTHETIC DATA PRODUCED USING VALIPOP,1135,1154,1135,1154,818,835,876,843,1135,1154,835,818,843,876,NA,NA
326,23,SEPTEMBER,1913,"Na h-Eileanan Siar",Thomas,Anderson,CROFTER'S SON,B,18,"90 Meadow Bank, Moffat, Dumfries and Galloway",Laura,Powell,SCHOLAR,S,18,"1 Young Crescent, Caithness",Rhys,Anderson,LEARNING TO BE A FARMER,,Erin,Drake,,Jacob,Powell,LAB,,Sarah,Perrie,,SYNTHETIC DATA PRODUCED USING VALIPOP,1143,1144,1143,1144,986,923,780,765,1143,1144,923,986,765,780,NA,NA
327,12,AUGUST,1914,"Broadhaven Caithness",Rory,Jones,MOLE CATCHER,W,60,"582 Rathad an Duin, Na h-Eileanan Siar",Iqrah,Cruickshanks,,D,32,"580 Rathad an Duin, Na h-Eileanan Siar",Matthew,Jones,STOKER AT RAILWAY STATION,,Sabrina,Henry,,Qasim,Cruickshanks,RAILWAY WAGGON MENDER,,Natasha,Mcbain,,SYNTHETIC DATA PRODUCED USING VALIPOP,799,1032,799,1032,544,509,802,789,799,1032,509,544,789,802,NA,NA
328,5,APRIL,1914,"Na h-Eileanan Siar",Jacob,Mullen,AG LAB,B,23,"1 Pilot Place, Broadhaven, Caithness",Ellouise,Cruickshanks,STATIONER,S,30,"169 Battery Road, Pulteneytown, Wick",Rory,Mullen,COACHMAN DOMESTIC SERV,,Chloe,Drake,,Aminur,Cruickshanks,AG LAB,,Rachel,Anderson,,SYNTHETIC DATA PRODUCED USING VALIPOP,1119,1046,1119,1046,878,881,880,819,1119,1046,881,878,819,880,NA,NA
329,11,JANUARY,1914,"Pulteneytown Wick ",Ben,Mcbain,SCHOLAR,B,18,"1 Stein Square, Broomridge, Bannockburn",Hannah,Jones,SCHOLAR,S,18,"13 Gearra Mor, Na h-Eileanan Siar",Shiv,Mcbain,RAILWAY LABOURER,,Alana,Grant,,Danyaal,Jones,BLACKSMITH & FARMER OF 7 ACRES,,Kayleigh,Mullen,,SYNTHETIC DATA PRODUCED USING VALIPOP,1153,1160,1153,1160,874,883,942,887,1153,1160,883,874,887,942,NA,NA
330,6,MAY,1914,"Na h-Eileanan Siar",Paul,Mcbain,CABINET MAKER,B,23,"169 Battery Road, Pulteneytown, Wick",Hollie,Perrie,SCHOLAR,S,18,"1 Druim An Aoil, Na h-Eileanan Siar",Kyle,Mcbain,TEACHER ENGLISH BRANCHES,,Rachel,Anderson,,George,Perrie,FARMERS SON,,Jessica,Cruickshanks,,SYNTHETIC DATA PRODUCED USING VALIPOP,1109,1158,1109,1158,880,839,934,903,1109,1158,839,880,903,934,NA,NA
331,17,FEBRUARY,1917,"Na h-Eileanan Siar",Stuart,Anderson,LABOURER,B,30,"45 Corsar Croft, Kirkton, Angus",Charlotte,Black,,S,22,"1 Brown Place, Pulteneytown, Wick",Charles,Anderson,WATCHMAKER CLOCK MAKER JEWELLER (MASTER EMPLOYING ONE MAN &,,Amy,Jones,,Daniel,Black,SERJEANT OF POLICE,,Billie,Mcbain,,SYNTHETIC DATA PRODUCED USING VALIPOP,1081,1148,1081,1148,836,845,886,885,1081,1148,845,836,885,886,NA,NA
332,12,MAY,1917,"Caithness",Aaron,Mullen,SHOEMAKER,B,30,"581 Rathad an Duin, Na h-Eileanan Siar",Racheal,Perrie,,S,19,"1 Druim An Aoil, Na h-Eileanan Siar",Joshua,Mullen,SCAVENGER,,Lauren,Mcbain,,George,Perrie,FARMERS SON,,Jessica,Cruickshanks,,SYNTHETIC DATA PRODUCED USING VALIPOP,1079,1170,1079,1170,806,665,934,903,1079,1170,665,806,903,934,NA,NA
334,16,DECEMBER,1918,"Caithness",Cameron,Mullen,SCHOLAR,B,20,"568 Rathad an Duin, Na h-Eileanan Siar",Sophie,Jones,,S,18,"569 Rathad an Duin, Na h-Eileanan Siar",Niall,Mullen,FISHERMAN,,Isabel,Perrie,,Maximilian,Jones,PLASTERER,,Tiffany,Anderson,,SYNTHETIC DATA PRODUCED USING VALIPOP,1181,1184,1181,1184,1012,907,900,889,1181,1184,907,1012,889,900,NA,NA
335,5,MAY,1918,"Na h-Eileanan Siar",Connor,Mcbain,TRAVELLING HAWKER,B,23,"1 Leith Walk, Pulteneytown, Wick",Emily,Cruickshanks,SCHOLAR,S,17,"1 Pilot Place, Broadhaven, Caithness",Thomas,Mcbain,FLAX WEAVER,,Leoni,Anderson,,Muhammad,Cruickshanks,SURFACEMAN RAILWAY,,Chloe,Drake,,SYNTHETIC DATA PRODUCED USING VALIPOP,1149,1182,1149,1182,898,791,878,925,1149,1182,791,898,925,878,NA,NA
336,29,AUGUST,1919,"Na h-Eileanan Siar",Jake,Black,TAILOR,B,27,"2 Pilot Place, Broadhaven, Caithness",Holly,Mcbain,,S,26,"169 Battery Road, Pulteneytown, Wick",Matthew,Black,COTTON WEAVER,,Laura,Cruickshanks,,Kyle,Mcbain,TEACHER ENGLISH BRANCHES,,Rachel,Anderson,,SYNTHETIC DATA PRODUCED USING VALIPOP,1141,1146,1141,1146,940,929,880,839,1141,1146,929,940,839,880,NA,NA
337,19,DECEMBER,1920,"Broadhaven Caithness",Joseph,Mullen,TAILOR AND CLOTHIER,B,29,"581 Rathad an Duin, Na h-Eileanan Siar",Jessica,Mullen,DAIRYMAID,S,31,"568 Rathad an Duin, Na h-Eileanan Siar",Joshua,Mullen,SCAVENGER,,Lauren,Mcbain,,Niall,Mullen,FISHERMAN,,Katie,Jones,,SYNTHETIC DATA PRODUCED USING VALIPOP,1115,1098,1115,1098,806,665,844,907,1115,1098,665,806,907,844,NA,NA
339,13,JANUARY,1921,"Caithness",Kiran,Grant,SCHOLAR,B,16,"1 Druim An Aoil, Na h-Eileanan Siar",Leonora,Mullen,DRESSMAKER,S,22,"9 Gearra Mor, Na h-Eileanan Siar",Samuel,Grant,HOUSE CARPENTER,,Jessica,Cruickshanks,,Jack,Mullen,SCHOLAR,,Sarah,Mcbain,,SYNTHETIC DATA PRODUCED USING VALIPOP,1195,1166,1195,1166,934,865,764,1003,1195,1166,865,934,1003,764,NA,NA
340,6,JANUARY,1921,"The Holmes Scottish Borders",Liam,Mcbain,,B,24,"1 Cora Linn Court, North Ayrshire",Antonia,Cruickshanks,FLAX MILL WORKER BUNDLER,S,22,"1 Pilot Place, Broadhaven, Caithness",Gordon,Mcbain,SHOEMAKER JOUR,,Masuma,Anderson,,Muhammad,Cruickshanks,SURFACEMAN RAILWAY,,Chloe,Drake,,SYNTHETIC DATA PRODUCED USING VALIPOP,1157,1168,1157,1168,932,939,878,925,1157,1168,939,932,925,878,NA,NA
341,14,APRIL,1922,,Daniel,Mullen,PLOUGHMAN,B,31,"1 Willow Drive, Girvan, South Ayrshire",Eboni,Mullen,DOMESTIC SERVANT,S,32,"1 Willow Drive, Girvan, South Ayrshire",Kieran,Mullen,JOINER MASTER EMPLOYING 5 MEN,,Erin,Drake,,Niall,Mullen,STON DYKER,,Isabel,Perrie,,SYNTHETIC DATA PRODUCED USING VALIPOP,1197,1190,1197,1190,986,989,1012,907,1197,1190,989,986,907,1012,NA,NA
342,22,JANUARY,1922,"Na h-Eileanan Siar",Matthew,Mcbain,2ND STEWARD,B,26,"169 Battery Road, Pulteneytown, Wick",Laura,Cruickshanks,,S,19,"1 Glen Finglas Road, Stirling",Kyle,Mcbain,TEACHER ENGLISH BRANCHES,,Rachel,Anderson,,Dominic,Cruickshanks,LABOURER,,Hope,Grant,,SYNTHETIC DATA PRODUCED USING VALIPOP,1155,1186,1155,1186,880,839,856,857,1155,1186,839,880,857,856,NA,NA
343,10,JUNE,1925,"Na h-Eileanan Siar",Jay,Cruickshanks,AG LABOURER,B,21,"11 Leishman Avenue, Pulteneytown, Wick",Annabel,Black,WIFE,S,22,"1 Cora Linn Court, North Ayrshire",Paul,Cruickshanks,FISHERMAN,,Jessica,Anderson,,Oliver,Black,COTTON SPINNER,,Masuma,Anderson,,SYNTHETIC DATA PRODUCED USING VALIPOP,1201,1198,1201,1198,1034,933,932,927,1201,1198,933,1034,927,932,NA,NA
344,17,DECEMBER,1925,"Belmont Ayr ",Felix,Grant,CATTLE DROVER,B,24,"1 Druim An Aoil, Na h-Eileanan Siar",Daisy,Mullen,WORSTED SPINNER,S,21,"90 Meadow Bank, Moffat, Dumfries and Galloway",Samuel,Grant,HOUSE CARPENTER,,Jessica,Cruickshanks,,Kieran,Mullen,BOOT MAKER,,Erin,Drake,,SYNTHETIC DATA PRODUCED USING VALIPOP,1187,1200,1187,1200,934,865,986,989,1187,1200,865,934,989,986,NA,NA
345,4,JULY,1926,"Na h-Eileanan Siar",Matthew,Mcbain,MINER COAL,B,36,"1 Leith Walk, Pulteneytown, Wick",Natasha,Cruickshanks,DOMESTIC SERVANT,S,28,"11 Leishman Avenue, Pulteneytown, Wick",Thomas,Mcbain,FLAX WEAVER,,Chloe,Perrie,,Paul,Cruickshanks,FISHERMAN,,Rhianna,Black,,SYNTHETIC DATA PRODUCED USING VALIPOP,1117,1172,1117,1172,842,791,834,933,1117,1172,791,842,933,834,NA,NA
346,15,MARCH,1926,"Broadhaven Caithness",Kieran,Mullen,SLATER,B,24,"1 Creag Ruadh Place, Na h-Eileanan Siar",Catharine,Jones,LAUNDRESS,S,23,"569 Rathad an Duin, Na h-Eileanan Siar",Ross,Mullen,RAILWAY PLATE LAYER,,Jessica,Powell,,Maximilian,Jones,SHOEMAKER,,Tiffany,Anderson,,SYNTHETIC DATA PRODUCED USING VALIPOP,1193,1194,1193,1194,1030,961,900,889,1193,1194,961,1030,889,900,NA,NA
347,17,SEPTEMBER,1926,,Guy,Cruickshanks,BLACKSMITH (JOURNE),?,35,"1 Larkhall Burn, Glenburn Hall, Jedburgh",Alice,Mullen,DOMESTICK SERV,S,27,"1 St Molios Park, Croc, North Ayrshire",Jack,Cruickshanks,CROFTER,,Penny,Drake,,George,Mullen,SHEPHERD,,Caroline,Mcbain,,SYNTHETIC DATA PRODUCED USING VALIPOP,1151,1196,1151,1196,800,801,960,1021,1151,1196,801,800,1021,960,NA,NA
348,10,SEPTEMBER,1929,"Na h-Eileanan Siar",Daniel,Cruickshanks,SCHOLAR,?,19,"11 Leishman Avenue, Pulteneytown, Wick",Hayleigh,Jones,DOMESTIC DUTIES,S,35,"13 Gearra Mor, Na h-Eileanan Siar",Paul,Cruickshanks,FISHERMAN,,Jessica,Anderson,,Danyaal,Jones,BLACKSMITH & FARMER OF 7 ACRES,,Kayleigh,Mullen,,SYNTHETIC DATA PRODUCED USING VALIPOP,1223,1142,1223,1142,1034,933,942,887,1223,1142,933,1034,887,942,NA,NA
349,20,DECEMBER,1929,"Three Bridges Inveraray ",Daniel,Anderson,BLACKSMITH (JOURNEYMAN),B,30,"1 Brown Place, Pulteneytown, Wick",Amber,Cruickshanks,,S,22,"84 Firs Crescent, Hillpark, Bannockburn",Asim,Anderson,PAWN BROKER CL,,Billie,Mcbain,,Matthew,Cruickshanks,PAPER MANUF,,Laura,Cruickshanks,,SYNTHETIC DATA PRODUCED USING VALIPOP,1177,1214,1177,1214,886,869,1056,1057,1177,1214,869,886,1057,1056,NA,NA
350,4,MARCH,1929,,Daniel,Cruickshanks,PUDDLER,B,23,"583 Rathad an Duin, Na h-Eileanan Siar",Chloe,Cruickshanks,FARMER'S DAUR,S,20,"5 Pilot Place, Broadhaven, Caithness",Paul,Cruickshanks,SURFACEMAN ON ROADS,,Jessica,Anderson,,Guy,Cruickshanks,BLACKSMITH (JOURNE),,Bethany,Cruickshanks,,SYNTHETIC DATA PRODUCED USING VALIPOP,1223,1228,1223,1228,1034,933,990,1151,1223,1228,933,1034,1151,990,NA,NA
351,25,JUNE,1931,"Na h-Eileanan Siar",Satnam,Drake,JOURNEYMAN CURRIER,B,29,"3 Pilot Row, Broadhaven, Caithness",Darcie,Cruickshanks,SERVANT,S,23,"1 Huddart Street, Pulteneytown, Wick",Ellis,Drake,SPIRIT DEALER,,Brooke,Mullen,,Matthew,Cruickshanks,CARTER,,Frances,Perrie,,SYNTHETIC DATA PRODUCED USING VALIPOP,1189,1216,1189,1216,1014,991,1070,1091,1189,1216,991,1014,1091,1070,NA,NA
352,5,MARCH,1931,"Girvan South Ayrshire",Stephen,Mullen,SCHOLAR,B,19,"90 Meadow Bank, Moffat, Dumfries and Galloway",Jade,Mcbain,SCHOLAR,S,19,"1 Leith Walk, Pulteneytown, Wick",Kieran,Mullen,JOINER MASTER EMPLOYING 5 MEN,,Erin,Drake,,Matthew,Mcbain,BASKET MANUFACTURER (2 MEN),,Leoni,Anderson,,SYNTHETIC DATA PRODUCED USING VALIPOP,1221,1220,1221,1220,986,989,898,949,1221,1220,989,986,949,898,NA,NA
353,19,APRIL,1931,"Pulteneytown Wick ",Daniel,Cruickshanks,CARTER,B,22,"575 Rathad an Duin, Na h-Eileanan Siar",Jessica,Mullen,DOMESTIC SERVT,S,20,"568 Rathad an Duin, Na h-Eileanan Siar",Mohammed,Cruickshanks,COTTON MANUF (MUSLIN) EMPLOYING 2 MEN 1 BOY & 3 GIRLS,,Sian,Jones,,Niall,Mullen,STON DYKER,,Isabel,Perrie,,SYNTHETIC DATA PRODUCED USING VALIPOP,1215,1222,1215,1222,1044,1031,1012,907,1215,1222,1031,1044,907,1012,NA,NA
354,7,APRIL,1933,"Scottish Borders",Joseph,Perrie,SCHOLAR,B,18,"577 Rathad an Duin, Na h-Eileanan Siar",Ruby,Mullen,WOOL PIECER,S,18,"1 Piedmont Road, Girvan, South Ayrshire",Nicholas,Perrie,LINEN WEAVER,,Marya,Mcbain,,Jack,Mullen,COLLECTOR FOR S P COY,,Alexandra,Mcbain,,SYNTHETIC DATA PRODUCED USING VALIPOP,1251,1250,1251,1250,1154,1135,1156,1179,1251,1250,1135,1154,1179,1156,NA,NA
355,10,DECEMBER,1933,"Broadhaven Caithness",Joshua,Mullen,AG LAB,B,25,"571 Rathad an Duin, Na h-Eileanan Siar",Jessica,Jones,SCHOLAR,S,17,"576 Rathad an Duin, Na h-Eileanan Siar",George,Mullen,JOINER,,Caroline,Mcbain,,Troy,Jones,GENERAL LABOURER,,Abigail,Mcbain,,SYNTHETIC DATA PRODUCED USING VALIPOP,1213,1248,1213,1248,960,1021,1068,1033,1213,1248,1021,960,1033,1068,NA,NA
356,9,SEPTEMBER,1934,"Na h-Eileanan Siar",Lewis,Powell,PLOUGHMAN,B,29,"8 Swanson Drive, Harden, Wick",Shannon,Cruickshanks,DOMESTIC SERVANT,S,28,"69 South Head, Broadhaven, Wick",Daniel,Powell,,,Chloe,Grant,,Christopher,Cruickshanks,A M TEACHEROF MATHEMATICS AND EXAMINER IN NAVITATION LOCAL M,,Chloe,Anderson,,SYNTHETIC DATA PRODUCED USING VALIPOP,1203,1212,1203,1212,876,805,1072,975,1203,1212,805,876,975,1072,NA,NA
357,16,APRIL,1934,"Na h-Eileanan Siar",Kyle,Cruickshanks,PLOUGHMAN,B,23,"11 Leishman Avenue, Pulteneytown, Wick",Chloe,Mcbain,,S,17,"574 Rathad an Duin, Na h-Eileanan Siar",Paul,Cruickshanks,SURFACEMAN ON ROADS,,Jessica,Anderson,,Luke,Mcbain,GEN LAB,,Stacey,Jones,,SYNTHETIC DATA PRODUCED USING VALIPOP,1231,1268,1231,1268,1034,933,1120,1029,1231,1268,933,1034,1029,1120,NA,NA
358,16,JULY,1934,"Pulteneytown Wick ",Luke,Mcbain,PUDDLER,B,23,"574 Rathad an Duin, Na h-Eileanan Siar",Natalie,Cruickshanks,SCHOLAR,S,16,"575 Rathad an Duin, Na h-Eileanan Siar",Luke,Mcbain,GEN LAB,,Stacey,Jones,,Mohammed,Cruickshanks,MINISTER OF FREE CHURCH,,Sian,Jones,,SYNTHETIC DATA PRODUCED USING VALIPOP,1227,1266,1227,1266,1120,1029,1044,1031,1227,1266,1029,1120,1031,1044,NA,NA
359,17,OCTOBER,1935,"Scaurs Scottish Borders",Mark,Black,LAB AT IRON WORKS,B,36,"1 Cora Linn Court, North Ayrshire",Catharine,Jones,HAND SEWER,D,34,"4 Pilot Place, Broadhaven, Caithness",Oliver,Black,SEWED MUSLIN WAREHOUSEMAN,,Masuma,Anderson,,Maximilian,Jones,FARMER OF 5 ACRES,,Tiffany,Anderson,,SYNTHETIC DATA PRODUCED USING VALIPOP,1185,1194,1185,1194,932,927,900,889,1185,1194,927,932,889,900,NA,NA
360,3,OCTOBER,1935,"Na h-Eileanan Siar",Mohammed,Drake,,B,27,"3 Pilot Row, Broadhaven, Caithness",Amber,Cruickshanks,,D,30,"1 Upper Riochan, Three Bridges, Inveraray",Ellis,Drake,SPIRIT DEALER,,Brooke,Mullen,,Matthew,Cruickshanks,MILLAR & FARMER OF 90 AC EMPLOYING 4 LAB,,Laura,Cruickshanks,,SYNTHETIC DATA PRODUCED USING VALIPOP,1219,1214,1219,1214,1014,991,1056,1057,1219,1214,991,1014,1057,1056,NA,NA
361,21,JANUARY,1935,"Broadhaven Caithness",Maximilian,Jones,BRICKLAYER,B,27,"576 Rathad an Duin, Na h-Eileanan Siar",Georgia,Black,DOMESTIC SERVT,S,25,"3 Pilot Place, Broadhaven, Caithness",Troy,Jones,GENERAL LABOURER,,Abigail,Mcbain,,Matthew,Black,LABOURER,,Iqrah,Cruickshanks,,SYNTHETIC DATA PRODUCED USING VALIPOP,1217,1226,1217,1226,1068,1033,1032,929,1217,1226,1033,1068,929,1032,NA,NA
362,5,FEBRUARY,1936,"Anstruther Easter Anstruther ",Lewis,Mullen,SCHOLAR,B,18,"1 Creag Ruadh Place, Na h-Eileanan Siar",Holly,Cruickshanks,SHEPHERD'S DAUR,S,19,"84 Firs Crescent, Hillpark, Bannockburn",Ross,Mullen,LABOURER,,Jessica,Powell,,Matthew,Cruickshanks,MILLAR & FARMER OF 90 AC EMPLOYING 4 LAB,,Laura,Cruickshanks,,SYNTHETIC DATA PRODUCED USING VALIPOP,1259,1252,1259,1252,1030,961,1056,1057,1259,1252,961,1030,1057,1056,NA,NA
363,8,FEBRUARY,1937,"Harden Wick ",Luke,Mullen,TEACHER IN A SCHOOL,B,31,"571 Rathad an Duin, Na h-Eileanan Siar",Jasmine,Mcbain,SCHOLAR,S,20,"1 Oldwick Road, Pulteneytown, Wick",George,Mullen,JOINER,,Caroline,Mcbain,,Ben,Mcbain,LABOURER,,Hannah,Jones,,SYNTHETIC DATA PRODUCED USING VALIPOP,1207,1264,1207,1264,960,1021,1160,1153,1207,1264,1021,960,1153,1160,NA,NA
364,29,DECEMBER,1938,,Daniel,Mullen,IRON TURNER,B,38,"5 Roxburgh Road, Pulteneytown, Wick",Jodie,Mullen,SHEPHERD'S WIFE,S,40,"5 Roxburgh Road, Pulteneytown, Wick",George,Mullen,LETTER CARRIER,,Caroline,Mcbain,,Kieran,Mullen,AG LAB,,Erin,Drake,,SYNTHETIC DATA PRODUCED USING VALIPOP,1199,1188,1199,1188,960,1021,986,989,1199,1188,1021,960,989,986,NA,NA
365,21,JULY,1938,"Caithness",Adeel,Cruickshanks,TOBACONIST,B,31,"84 Firs Crescent, Hillpark, Bannockburn",Alexandra,Mullen,THREAD WAREHOUS WORKER,S,24,"1 Creag Ruadh Place, Na h-Eileanan Siar",Matthew,Cruickshanks,MILLAR & FARMER OF 90 AC EMPLOYING 4 LAB,,Laura,Cruickshanks,,Ross,Mullen,LABOURER,,Jessica,Powell,,SYNTHETIC DATA PRODUCED USING VALIPOP,1209,1230,1209,1230,1056,1057,1030,961,1209,1230,1057,1056,961,1030,NA,NA
366,11,OCTOBER,1938,,Kade,Mullen,IRON MINER,B,34,"1 Ailsa Place, Girvan, South Ayrshire",Hannah,Mcbain,FARM LABOUR,S,30,"1 Ailsa Place, Girvan, South Ayrshire",Kieran,Mullen,(FARMER) OF 149 AC EMPLOYING 3 LABS,,Erin,Drake,,Ben,Mcbain,TAILOR,,Hannah,Jones,,SYNTHETIC DATA PRODUCED USING VALIPOP,1245,1276,1245,1276,986,989,1160,1153,1245,1276,989,986,1153,1160,NA,NA
367,6,SEPTEMBER,1939,"Caithness",Edgar,Mcbain,AG LAB,B,23,"1 Swanson Drive, Harden, Wick",Angel,Mcbain,MILL WORKER COTTON,S,22,"574 Rathad an Duin, Na h-Eileanan Siar",Maxwell,Mcbain,FISHERMAN,,Chloe,Anderson,,Luke,Mcbain,GEN LAB,,Stacey,Jones,,SYNTHETIC DATA PRODUCED USING VALIPOP,1249,1254,1249,1254,1072,1085,1120,1029,1249,1254,1085,1072,1029,1120,NA,NA
368,10,MAY,1939,"Pulteneytown Wick ",Billy,Mcbain,SCHOLAR,B,19,"574 Rathad an Duin, Na h-Eileanan Siar",Laura,Cruickshanks,,S,20,"84 Firs Crescent, Hillpark, Bannockburn",Luke,Mcbain,GEN LAB,,Stacey,Jones,,Matthew,Cruickshanks,MILLAR & FARMER OF 90 AC EMPLOYING 4 LAB,,Laura,Cruickshanks,,SYNTHETIC DATA PRODUCED USING VALIPOP,1279,1272,1279,1272,1120,1029,1056,1057,1279,1272,1029,1120,1057,1056,NA,NA
370,11,JUNE,1940,"Sternabhagh Na h-Eileanan Siar",Andrew,Mcbain,PLOUGHMAN,B,26,"574 Rathad an Duin, Na h-Eileanan Siar",Zoe,Mcbain,SEAMAN'S WIFE,S,35,"169 Battery Road, Pulteneytown, Wick",Luke,Mcbain,GEN LAB,,Stacey,Jones,,Harry,Mcbain,CALICO PRINTER,,Rachel,Anderson,,SYNTHETIC DATA PRODUCED USING VALIPOP,1243,1202,1243,1202,1120,1029,880,963,1243,1202,1029,1120,963,880,NA,NA
371,12,OCTOBER,1940,"Na h-Eileanan Siar",Jack,Mcbain,MASON,B,20,"574 Rathad an Duin, Na h-Eileanan Siar",Ann-marie,Mcbain,,S,31,"1 Swanson Drive, Harden, Wick",Luke,Mcbain,TIMBER MERCHANT,,Stacey,Jones,,Maxwell,Mcbain,FISHERMAN,,Chloe,Anderson,,SYNTHETIC DATA PRODUCED USING VALIPOP,1285,1224,1285,1224,1120,1029,1072,1085,1285,1224,1029,1120,1085,1072,NA,NA
372,17,MARCH,1940,"Caithness",Joe,Cruickshanks,JOBBER WATCHMAKER,B,27,"84 Firs Crescent, Hillpark, Bannockburn",Emma,Anderson,,S,25,"1 Druim An Aoil, Na h-Eileanan Siar",Matthew,Cruickshanks,MILLAR & FARMER OF 90 AC EMPLOYING 4 LAB,,Laura,Cruickshanks,,Jake,Anderson,FORMERLY AG LAB NOW SELLER OF SMALL WARES,,Jessica,Cruickshanks,,SYNTHETIC DATA PRODUCED USING VALIPOP,1233,1236,1233,1236,1056,1057,934,931,1233,1236,1057,1056,931,934,NA,NA
373,16,DECEMBER,1940,"Pulteneytown Wick ",Joseph,Black,CATTLEMAN,B,33,"1 Cora Linn Court, North Ayrshire",Amy,Jones,,S,19,"2 Gearra Mor, Na h-Eileanan Siar",Oliver,Black,SEWED MUSLIN WAREHOUSEMAN,,Masuma,Anderson,,Simon,Jones,FOREMAN SHIP CARPENTER,,Ciara,Mullen,,SYNTHETIC DATA PRODUCED USING VALIPOP,1205,1274,1205,1274,932,927,1102,1083,1205,1274,927,932,1083,1102,NA,NA
374,16,NOVEMBER,1940,"Na h-Eileanan Siar",Ciaran,Drake,PLOUGHMAN'S SON & SCHOLAR,B,17,"3 Pilot Row, Broadhaven, Caithness",Chloe,Anderson,BOOK FOLDER,S,18,"1 Pirc Bhatasgeir, Na h-Eileanan Siar",Ellis,Drake,PAUPER,,Brooke,Mullen,,Stuart,Anderson,POLICE SERJEANT & CONSTABLE,,Charlotte,Black,,SYNTHETIC DATA PRODUCED USING VALIPOP,1309,1306,1309,1306,1014,991,1148,1081,1309,1306,991,1014,1081,1148,NA,NA
375,8,SEPTEMBER,1941,"Na h-Eileanan Siar",Peter,Jones,SCHOLAR,B,19,"3 Pilot Place, Broadhaven, Caithness",Olivia,Mullen,DRESS MAKER,S,20,"2615 Main Street, Caithness",Rory,Jones,SAWYER,,Iqrah,Cruickshanks,,Aaron,Mullen,ENGINE MAN,,Racheal,Perrie,,SYNTHETIC DATA PRODUCED USING VALIPOP,1291,1282,1291,1282,1032,799,1170,1079,1291,1282,799,1032,1079,1170,NA,NA
376,24,JUNE,1941,"Broadhaven Caithness",Daniel,Anderson,PLOUGHMAN,B,20,"578 Rathad an Duin, Na h-Eileanan Siar",Porcia,Cruickshanks,SCHOLAR,S,16,"575 Rathad an Duin, Na h-Eileanan Siar",Thomas,Anderson,IRONSTONE DRAWER,,Laura,Powell,,Mohammed,Cruickshanks,GENERAL LABORER,,Sian,Jones,,SYNTHETIC DATA PRODUCED USING VALIPOP,1287,1322,1287,1322,1144,1143,1044,1031,1287,1322,1143,1144,1031,1044,NA,NA
377,5,OCTOBER,1942,"Na h-Eileanan Siar",Callum,Mcbain,PLOUGHMAN,B,20,"1 Swanson Drive, Harden, Wick",Alexandra,Drake,,S,23,"3 Pilot Row, Broadhaven, Caithness",Maxwell,Mcbain,FISHERMAN,,Chloe,Anderson,,Ellis,Drake,PAUPER,,Brooke,Mullen,,SYNTHETIC DATA PRODUCED USING VALIPOP,1293,1270,1293,1270,1072,1085,1014,991,1293,1270,1085,1072,991,1014,NA,NA
378,13,MAY,1942,"Harden Wick ",Daniel,Mcbain,DRAPER & CLOTHIER,B,25,"6 Gearra Mor, Na h-Eileanan Siar",Nicole,Mcbain,,S,20,"574 Rathad an Duin, Na h-Eileanan Siar",Paul,Mcbain,AG LAB,,Hollie,Perrie,,Luke,Mcbain,TIMBER MERCHANT,,Stacey,Jones,,SYNTHETIC DATA PRODUCED USING VALIPOP,1265,1294,1265,1294,1158,1109,1120,1029,1265,1294,1109,1158,1029,1120,NA,NA
379,29,JUNE,1942,"Caithness",Daniel,Anderson,SCHOLAR,B,19,"1 Pirc Bhatasgeir, Na h-Eileanan Siar",Erin,Black,SCHOLAR,S,18,"2 Creag Ruadh Place, Na h-Eileanan Siar",Stuart,Anderson,POLICE SERJEANT & CONSTABLE,,Charlotte,Black,,Jake,Black,,,Holly,Mcbain,,SYNTHETIC DATA PRODUCED USING VALIPOP,1301,1314,1301,1314,1148,1081,1146,1141,1301,1314,1081,1148,1141,1146,NA,NA
380,22,NOVEMBER,1943,"Na h-Eileanan Siar",Liam,Perrie,SCHOLAR,B,18,"1 Stittenham Street, Highland",Danielle,Jones,DOMESTIC SERVANT,S,21,"576 Rathad an Duin, Na h-Eileanan Siar",Daniel,Perrie,FARMER 1200 ACRES,,Abigail,Black,,Troy,Jones,FLAG DRESSER,,Abigail,Mcbain,,SYNTHETIC DATA PRODUCED USING VALIPOP,1313,1292,1313,1292,1100,1019,1068,1033,1313,1292,1019,1100,1033,1068,NA,NA
381,20,DECEMBER,1943,"Na h-Eileanan Siar",Jordan,Mcbain,LAPPER,B,24,"1 Swanson Drive, Harden, Wick",Gabrielle,Mcbain,DRESSMAKER,S,20,"1 Oldwick Road, Pulteneytown, Wick",Maxwell,Mcbain,FISHERMAN,,Chloe,Anderson,,Ben,Mcbain,LABOURER,,Hannah,Jones,,SYNTHETIC DATA PRODUCED USING VALIPOP,1267,1296,1267,1296,1072,1085,1160,1153,1267,1296,1085,1072,1153,1160,NA,NA
382,7,AUGUST,1943,,Lorenzo,Mullen,FURNACE LABOURER,B,27,"1 Castle Street, Aberdeenshire",Terri,Cruickshanks,WHITE LINEN WORKER,S,20,"1 Castle Street, Aberdeenshire",Ross,Mullen,LABOURER,,Jessica,Powell,,Benjamin,Cruickshanks,COTTON WEAVER,,Kerri,Grant,,SYNTHETIC DATA PRODUCED USING VALIPOP,1271,1324,1271,1324,1030,961,1136,1027,1271,1324,961,1030,1027,1136,NA,NA
383,27,OCTOBER,1944,"Broadhaven Caithness",Dylan,Cruickshanks,SHEEPHERD,B,27,"575 Rathad an Duin, Na h-Eileanan Siar",Jessica,Mcbain,DOMESTIC SERV,S,27,"574 Rathad an Duin, Na h-Eileanan Siar",Mohammed,Cruickshanks,GENERAL LABORER,,Sian,Jones,,Luke,Mcbain,TIMBER MERCHANT,,Stacey,Jones,,SYNTHETIC DATA PRODUCED USING VALIPOP,1261,1262,1261,1262,1044,1031,1120,1029,1261,1262,1031,1044,1029,1120,NA,NA
384,5,JULY,1944,"Na h-Eileanan Siar",Connor,Mullen,SCHOLAR,B,19,"2616 Main Street, Caithness",Lilian,Mcbain,,S,17,"1 Oldwick Road, Pulteneytown, Wick",Cameron,Mullen,COACHMAN DOMESTIC SERV,,Sophie,Jones,,Ben,Mcbain,LABOURER,,Hannah,Jones,,SYNTHETIC DATA PRODUCED USING VALIPOP,1319,1326,1319,1326,1184,1181,1160,1153,1319,1326,1181,1184,1153,1160,NA,NA
385,8,FEBRUARY,1944,"Pulteneytown Wick ",Connor,Jones,PLOUGHMAN,B,21,"576 Rathad an Duin, Na h-Eileanan Siar",Zoe,Cruickshanks,SCHOLAR,S,17,"1 Arra's Cottages, Na h-Eileanan Siar",Troy,Jones,FLAG DRESSER,,Abigail,Mcbain,,Jay,Cruickshanks,IRON MINER,,Annabel,Black,,SYNTHETIC DATA PRODUCED USING VALIPOP,1311,1348,1311,1348,1068,1033,1198,1201,1311,1348,1033,1068,1201,1198,NA,NA
386,9,DECEMBER,1944,,Peter,Jones,HAWKER,D,31,"9 Pilot Place, Broadhaven, Caithness",Chelsea,Mullen,AG LAB,S,24,"1 Russel Street, Caithness",Rory,Jones,SAWYER,,Iqrah,Cruickshanks,,Kieran,Mullen,MASONS LABOURER,,Catharine,Jones,,SYNTHETIC DATA PRODUCED USING VALIPOP,1291,1346,1291,1346,1032,799,1194,1193,1291,1346,799,1032,1193,1194,NA,NA
387,11,SEPTEMBER,1944,"Broadhaven Caithness",Thomas,Anderson,LABOURER,B,21,"578 Rathad an Duin, Na h-Eileanan Siar",Lorna,Anderson,SCHOLAR,S,17,"1 Pirc Bhatasgeir, Na h-Eileanan Siar",Thomas,Anderson,LABOURER,,Laura,Powell,,Stuart,Anderson,POLICE SERJEANT & CONSTABLE,,Charlotte,Black,,SYNTHETIC DATA PRODUCED USING VALIPOP,1315,1342,1315,1342,1144,1143,1148,1081,1315,1342,1143,1144,1081,1148,NA,NA
388,26,JULY,1945,"Na h-Eileanan Siar",Matthew,Mullen,CABINET MAKER,B,24,"2616 Main Street, Caithness",Tyler,Mullen,SCHOLAR,S,19,"2615 Main Street, Caithness",Cameron,Mullen,COACHMAN DOMESTIC SERV,,Sophie,Jones,,Aaron,Mullen,ENGINE MAN,,Racheal,Perrie,,SYNTHETIC DATA PRODUCED USING VALIPOP,1289,1328,1289,1328,1184,1181,1170,1079,1289,1328,1181,1184,1079,1170,NA,NA
389,24,AUGUST,1946,"Wallacetown Ayr ",Callum,Mullen,SCHOLAR,B,18,"2616 Main Street, Caithness",Honor,Mcbain,SCHOLAR,S,17,"1 The Croft, The Holmes, Scottish Borders",Cameron,Mullen,COACHMAN DOMESTIC SERV,,Sophie,Jones,,Liam,Mcbain,PLOUGHMAN,,Antonia,Cruickshanks,,SYNTHETIC DATA PRODUCED USING VALIPOP,1333,1338,1333,1338,1184,1181,1168,1157,1333,1338,1181,1184,1157,1168,NA,NA
390,2,MARCH,1946,,Cameron,Jones,HAND LOOM WEAVER,B,41,"8 Pilot Place, Broadhaven, Caithness",Hannah,Anderson,SHIRT MAKER,S,27,"8 Pilot Place, Broadhaven, Caithness",Simon,Jones,RAG MERCHANT,,Ciara,Mullen,,Thomas,Anderson,FOREMAN BLACKSMITH,,Laura,Powell,,SYNTHETIC DATA PRODUCED USING VALIPOP,1241,1336,1241,1336,1102,1083,1144,1143,1241,1336,1083,1102,1143,1144,NA,NA
391,24,DECEMBER,1947,,Cameron,Cruickshanks,LABOURER IN FOUNDRY,B,33,"1 Ecclesgreig Gardens, Aberdeenshire",Olivia,Mullen,MILLINER,D,30,"1 Ecclesgreig Gardens, Aberdeenshire",Benjamin,Cruickshanks,COTTON WEAVER,,Kerri,Grant,,Aaron,Mullen,CARRIER,,Racheal,Perrie,,SYNTHETIC DATA PRODUCED USING VALIPOP,1263,1282,1263,1282,1136,1027,1170,1079,1263,1282,1027,1136,1079,1170,NA,NA
392,15,FEBRUARY,1947,"Pulteneytown Wick ",Calum,Grant,SON,B,22,"2617 Main Street, Caithness",Catherine,Perrie,COTTON MILL WORKER,S,24,"580 Rathad an Duin, Na h-Eileanan Siar",Kiran,Grant,AG LAB,,Leonora,Mullen,,Jack,Perrie,FARMER,,Elysia,Mullen,,SYNTHETIC DATA PRODUCED USING VALIPOP,1307,1284,1307,1284,1166,1195,1052,987,1307,1284,1195,1166,987,1052,NA,NA
393,22,OCTOBER,1947,"Pulteneytown Wick ",Luke,Jones,DYER,B,27,"576 Rathad an Duin, Na h-Eileanan Siar",Shantell,Mcbain,DOMESTIC SERV,S,25,"2 Pirc Bhatasgeir, Na h-Eileanan Siar",Troy,Jones,FLAG DRESSER,,Abigail,Mcbain,,Connor,Mcbain,FARMER OF 21 ACRES EMPLOYING 1 WOMAN,,Emily,Cruickshanks,,SYNTHETIC DATA PRODUCED USING VALIPOP,1273,1290,1273,1290,1068,1033,1182,1149,1273,1290,1033,1068,1149,1182,NA,NA
395,11,AUGUST,1948,"Caithness",Dillon,Anderson,IRON GRINDER,B,28,"1 Pirc Bhatasgeir, Na h-Eileanan Siar",Cheryl,Jones,MILLWORKER,S,31,"3 Pilot Place, Broadhaven, Caithness",Stuart,Anderson,STOCKING MAKER,,Charlotte,Black,,Rory,Jones,SAWYER,,Iqrah,Cruickshanks,,SYNTHETIC DATA PRODUCED USING VALIPOP,1281,1256,1281,1256,1148,1081,1032,799,1281,1256,1081,1148,799,1032,NA,NA
396,22,MARCH,1948,"Argyll and Bute",Benjamin,Jones,HAIR DRESSER,B,23,"1 Linefield Road, Craigmill, Angus",Rosalind,Mcbain,WORSTED WEAVER,S,22,"1 The Croft, The Holmes, Scottish Borders",Joshua,Jones,GARDENER,,Aurora,Jones,,Liam,Mcbain,PLOUGHMAN,,Antonia,Cruickshanks,,SYNTHETIC DATA PRODUCED USING VALIPOP,1303,1318,1303,1318,1050,1103,1168,1157,1303,1318,1103,1050,1157,1168,NA,NA
397,12,DECEMBER,1948,"Broadhaven Caithness",Kurtis,Mcbain,LABOURER,B,23,"1 Rathad nam Beicearan, Na h-Eileanan Siar",Henrietta,Mcbain,SCHOLAR,S,19,"582 Rathad an Duin, Na h-Eileanan Siar",Matthew,Mcbain,FLAX SPINNER,,Laura,Cruickshanks,,Matthew,Mcbain,LABOURER,,Natasha,Cruickshanks,,SYNTHETIC DATA PRODUCED USING VALIPOP,1321,1344,1321,1344,1186,1155,1172,1117,1321,1344,1155,1186,1117,1172,NA,NA
398,25,JUNE,1948,,Ryan,Cruickshanks,MINER,B,20,"11 Gearra Mor, Na h-Eileanan Siar",Ottilie,Mullen,,S,20,"11 Gearra Mor, Na h-Eileanan Siar",Jay,Cruickshanks,IRON MINER,,Annabel,Black,,Aaron,Mullen,CARRIER,,Racheal,Perrie,,SYNTHETIC DATA PRODUCED USING VALIPOP,1355,1354,1355,1354,1198,1201,1170,1079,1355,1354,1201,1198,1079,1170,NA,NA
399,29,AUGUST,1948,"Na h-Eileanan Siar",Gareth,Grant,,B,23,"2617 Main Street, Caithness",Poppy,Black,,S,17,"2 Creag Ruadh Place, Na h-Eileanan Siar",Kiran,Grant,AG LAB,,Leonora,Mullen,,Jake,Black,IRONSTONE MINER,,Holly,Mcbain,,SYNTHETIC DATA PRODUCED USING VALIPOP,1317,1352,1317,1352,1166,1195,1146,1141,1317,1352,1195,1166,1141,1146,NA,NA
400,24,JULY,1950,"Croc North Ayrshire",Jake,Cruickshanks,PLOUGHAMN,B,29,"575 Rathad an Duin, Na h-Eileanan Siar",Yasmin,Mcbain,MUSLIN BLEACHER,S,26,"1 The Croft, The Holmes, Scottish Borders",Mohammed,Cruickshanks,GENERAL LABORER,,Sian,Jones,,Liam,Mcbain,PLOUGHMAN,,Antonia,Cruickshanks,,SYNTHETIC DATA PRODUCED USING VALIPOP,1283,1308,1283,1308,1044,1031,1168,1157,1283,1308,1031,1044,1157,1168,NA,NA
401,21,APRIL,1950,"Caithness",William,Cruickshanks,SCHOLAR,B,20,"1 Arra's Cottages, Na h-Eileanan Siar",Aimee-leigh,Grant,SCHOLAR,S,19,"1 Meadowpark, Belmont, Ayr",Jay,Cruickshanks,IRON MINER,,Annabel,Black,,Felix,Grant,PROPRIETOR OF HOUSES,,Daisy,Mullen,,SYNTHETIC DATA PRODUCED USING VALIPOP,1339,1340,1339,1340,1198,1201,1200,1187,1339,1340,1201,1198,1187,1200,NA,NA
402,10,MAY,1950,"Broadhaven Caithness",Connor,Cruickshanks,FARMER,B,31,"1 Dal nan Each, Highland",Jasmine,Cruickshanks,GOVERNESS,S,22,"575 Rathad an Duin, Na h-Eileanan Siar",Benjamin,Cruickshanks,COTTON WEAVER,,Kerri,Grant,,Mohammed,Cruickshanks,GENERAL LABORER,,Sian,Jones,,SYNTHETIC DATA PRODUCED USING VALIPOP,1275,1334,1275,1334,1136,1027,1044,1031,1275,1334,1027,1136,1031,1044,NA,NA
403,17,MARCH,1950,"Allanbank Lauder ",Jared,Mcbain,IRON MOULDER,B,20,"582 Rathad an Duin, Na h-Eileanan Siar",Kelly,Cruickshanks,SCHOLAR,S,17,"1 St Molios Park, Croc, North Ayrshire",Matthew,Mcbain,LABOURER,,Natasha,Cruickshanks,,Guy,Cruickshanks,FARMER OF 40 ACRES,,Alice,Mullen,,SYNTHETIC DATA PRODUCED USING VALIPOP,1345,1366,1345,1366,1172,1117,1196,1151,1345,1366,1117,1172,1151,1196,NA,NA
404,30,JULY,1951,"Genoch Farm South Ayrshire",Daniel,Mullen,SCHOLAR,B,16,"2615 Main Street, Caithness",Chloe,Mcbain,SCHOLAR,S,19,"1 The Croft, The Holmes, Scottish Borders",Aaron,Mullen,CARRIER,,Racheal,Perrie,,Liam,Mcbain,PLOUGHMAN,,Antonia,Cruickshanks,,SYNTHETIC DATA PRODUCED USING VALIPOP,1389,1372,1389,1372,1170,1079,1168,1157,1389,1372,1079,1170,1157,1168,NA,NA
405,22,JUNE,1952,"Highland",Samual,Mcbain,WOOLEN WEAVER,B,27,"1 The Croft, The Holmes, Scottish Borders",Olivia,Mullen,MILLINER,D,33,"1 Ecclesgreig Gardens, Aberdeenshire",Liam,Mcbain,PLOUGHMAN,,Antonia,Cruickshanks,,Aaron,Mullen,CARRIER,,Racheal,Perrie,,SYNTHETIC DATA PRODUCED USING VALIPOP,1327,1282,1327,1282,1168,1157,1170,1079,1327,1282,1157,1168,1079,1170,NA,NA
406,28,SEPTEMBER,1952,"Caithness",Macauley,Mcbain,SHIP CARPENTER,B,22,"574 Rathad an Duin, Na h-Eileanan Siar",Stephanie,Mcbain,WASTE STORE WORKER,S,27,"1 Swanson Drive, Harden, Wick",Luke,Mcbain,WRIGHT,,Stacey,Jones,,Maxwell,Mcbain,HAWKER,,Chloe,Anderson,,SYNTHETIC DATA PRODUCED USING VALIPOP,1351,1312,1351,1312,1120,1029,1072,1085,1351,1312,1029,1120,1085,1072,NA,NA
407,12,NOVEMBER,1952,"Harden Wick ",Harry,Mcbain,AG LAB,B,24,"6 Gearra Mor, Na h-Eileanan Siar",Hannah,Anderson,,S,27,"1 Pirc Bhatasgeir, Na h-Eileanan Siar",Paul,Mcbain,LABORER,,Hollie,Perrie,,Stuart,Anderson,STOCKING MAKER,,Charlotte,Black,,SYNTHETIC DATA PRODUCED USING VALIPOP,1337,1316,1337,1316,1158,1109,1148,1081,1337,1316,1109,1158,1081,1148,NA,NA
408,30,NOVEMBER,1952,"Broadhaven Caithness",Robert,Black,WORKING MASON,B,23,"2 Creag Ruadh Place, Na h-Eileanan Siar",Catriona,Mullen,WEAVER (STEAM LOOM),S,28,"1 Willow Drive, Girvan, South Ayrshire",Jake,Black,IRONSTONE MINER,,Holly,Mcbain,,Daniel,Mullen,COAL MINER,,Eboni,Mullen,,SYNTHETIC DATA PRODUCED USING VALIPOP,1341,1320,1341,1320,1146,1141,1190,1197,1341,1320,1141,1146,1197,1190,NA,NA
409,20,JUNE,1952,"Harden Wick ",Marcus,Cruickshanks,,B,18,"4 Roxburgh Road, Pulteneytown, Wick",Holly,Cruickshanks,SCHOLAR,S,20,"583 Rathad an Duin, Na h-Eileanan Siar",Daniel,Cruickshanks,FISHERMAN,,Jessica,Mullen,,Daniel,Cruickshanks,ENGINEER,,Hayleigh,Jones,,SYNTHETIC DATA PRODUCED USING VALIPOP,1377,1356,1377,1356,1222,1215,1142,1223,1377,1356,1215,1222,1223,1142,NA,NA
410,23,MAY,1952,"Pulteneytown Wick ",Thomas,Mcbain,PLOUGHMAN,B,23,"574 Rathad an Duin, Na h-Eileanan Siar",Victoria,Anderson,SCHOLAR,S,18,"8 Gearra Mor, Na h-Eileanan Siar",Luke,Mcbain,TIMBER MERCHANT,,Stacey,Jones,,Daniel,Anderson,MARINE RAG DEALER,,Amber,Cruickshanks,,SYNTHETIC DATA PRODUCED USING VALIPOP,1335,1362,1335,1362,1120,1029,1214,1177,1335,1362,1029,1120,1177,1214,NA,NA
411,22,MARCH,1952,"Na h-Eileanan Siar",Harry,Drake,SCHOLAR,B,18,"7 Gearra Mor, Na h-Eileanan Siar",Stephanie,Grant,SCHOLAR,S,17,"2617 Main Street, Caithness",Satnam,Drake,MILLWRIGHT,,Darcie,Cruickshanks,,Kiran,Grant,AG LAB,,Leonora,Mullen,,SYNTHETIC DATA PRODUCED USING VALIPOP,1375,1378,1375,1378,1216,1189,1166,1195,1375,1378,1189,1216,1195,1166,NA,NA
412,30,APRIL,1953,"Scottish Borders",Michael,Jones,MASSON (AP),B,27,"576 Rathad an Duin, Na h-Eileanan Siar",Charlotte,Mullen,SCHOLAR,S,16,"252 Golf Course Road, Girvan, South Ayrshire",Troy,Jones,KEEPER & REGISTER OFFICE,,Abigail,Mcbain,,Stephen,Mullen,AG LAB,,Jade,Mcbain,,SYNTHETIC DATA PRODUCED USING VALIPOP,1329,1400,1329,1400,1068,1033,1220,1221,1329,1400,1033,1068,1221,1220,NA,NA
413,16,MAY,1954,"Caithness",Hugo,Mullen,PLOUGHMAN,B,33,"2615 Main Street, Caithness",Holly,Cruickshanks,FARMER'S DAUR,D,22,"573 Rathad an Duin, Na h-Eileanan Siar",Aaron,Mullen,CARRIER,,Racheal,Perrie,,Daniel,Cruickshanks,ENGINEER,,Hayleigh,Jones,,SYNTHETIC DATA PRODUCED USING VALIPOP,1297,1356,1297,1356,1170,1079,1142,1223,1297,1356,1079,1170,1223,1142,NA,NA
414,5,SEPTEMBER,1954,"Caithness",Michael,Cruickshanks,PRIVATE 13TH LIGHT DRAGOONS,B,20,"1 Arra's Cottages, Na h-Eileanan Siar",Kirsty,Mcbain,SCHOLAR,S,19,"6 Gearra Mor, Na h-Eileanan Siar",Jay,Cruickshanks,IRON MINER,,Annabel,Black,,Paul,Mcbain,LABORER,,Hollie,Perrie,,SYNTHETIC DATA PRODUCED USING VALIPOP,1367,1370,1367,1370,1198,1201,1158,1109,1367,1370,1201,1198,1109,1158,NA,NA
415,25,APRIL,1954,"Scottish Borders",Samuel,Mcbain,TAILOR JOURNEYMAN,B,22,"1 The Croft, The Holmes, Scottish Borders",Heather,Mullen,,S,19,"252 Golf Course Road, Girvan, South Ayrshire",Liam,Mcbain,PLOUGHMAN,,Antonia,Cruickshanks,,Stephen,Mullen,AG LAB,,Jade,Mcbain,,SYNTHETIC DATA PRODUCED USING VALIPOP,1353,1376,1353,1376,1168,1157,1220,1221,1353,1376,1157,1168,1221,1220,NA,NA
416,6,MARCH,1954,,Keiran,Mcbain,PLOUGHMAN,B,22,"12 Pilot Place, Broadhaven, Caithness",Codie,Jones,AT SCHOOL,S,19,"12 Pilot Place, Broadhaven, Caithness",Luke,Mcbain,WRIGHT,,Stacey,Jones,,Maximilian,Jones,TAILOR,,Georgia,Black,,SYNTHETIC DATA PRODUCED USING VALIPOP,1369,1402,1369,1402,1120,1029,1226,1217,1369,1402,1029,1120,1217,1226,NA,NA
417,17,DECEMBER,1955,"Girvan South Ayrshire",Jacob,Mcbain,LABOURER (MINERAL),B,31,"574 Rathad an Duin, Na h-Eileanan Siar",Chelsea,Black,SCHOLAR,S,17,"1 Hartrigge Crescent, Scaurs, Scottish Borders",Luke,Mcbain,WRIGHT,,Stacey,Jones,,Mark,Black,FARMER OF 100 ACRES EMPLOYES 1 MAN 2 BOYS,,Catharine,Jones,,SYNTHETIC DATA PRODUCED USING VALIPOP,1305,1398,1305,1398,1120,1029,1194,1185,1305,1398,1029,1120,1185,1194,NA,NA
418,11,AUGUST,1956,"Na h-Eileanan Siar",Kurt,Mullen,BOOT & SHOE MAKER,B,21,"2615 Main Street, Caithness",Georgia,Cruickshanks,,S,20,"5 Pilot Place, Broadhaven, Caithness",Aaron,Mullen,CARRIER,,Racheal,Perrie,,Daniel,Cruickshanks,ENGINEER,,Chloe,Cruickshanks,,SYNTHETIC DATA PRODUCED USING VALIPOP,1371,1382,1371,1382,1170,1079,1228,1223,1371,1382,1079,1170,1223,1228,NA,NA
419,2,FEBRUARY,1956,"Girvan South Ayrshire",Michael,Mullen,SCHOLAR,B,19,"1 Hartrigge Crescent, Scaurs, Scottish Borders",Holly,Cruickshanks,SCHOLAR,S,16,"5 Pilot Place, Broadhaven, Caithness",Kieran,Mullen,MASONS LABOURER,,Catharine,Jones,,Daniel,Cruickshanks,ENGINEER,,Chloe,Cruickshanks,,SYNTHETIC DATA PRODUCED USING VALIPOP,1385,1406,1385,1406,1194,1193,1228,1223,1385,1406,1193,1194,1223,1228,NA,NA
420,17,MARCH,1957,"Na h-Eileanan Siar",Matthew,Black,SHOPMAN,B,28,"2 Creag Ruadh Place, Na h-Eileanan Siar",Sarah,Grant,DOMESTIC SERVANT,S,23,"2617 Main Street, Caithness",Jake,Black,FARMER OF 360 ACRES EMPLOYING 9 LABOURERS AND 2 BOYS,,Holly,Mcbain,,Kiran,Grant,DRAPER & GROCER,,Leonora,Mullen,,SYNTHETIC DATA PRODUCED USING VALIPOP,1331,1358,1331,1358,1146,1141,1166,1195,1331,1358,1141,1146,1195,1166,NA,NA
421,5,NOVEMBER,1957,"Na h-Eileanan Siar",Liam,Powell,LABOURER,B,20,"584 Rathad an Duin, Na h-Eileanan Siar",Mia,Mullen,DOMESTICK SERV,S,21,"6 Pilot Place, Broadhaven, Caithness",Lewis,Powell,FERRYMAN,,Shannon,Cruickshanks,,Joshua,Mullen,CHIMNEY SWEEPER,,Jessica,Jones,,SYNTHETIC DATA PRODUCED USING VALIPOP,1393,1388,1393,1388,1212,1203,1248,1213,1393,1388,1203,1212,1213,1248,NA,NA
423,10,AUGUST,1957,"Na h-Eileanan Siar",Joshua,Cruickshanks,SCHOLAR,B,16,"1 Mowat Road, Caithness",Francesca,Mullen,SCHOLAR,S,17,"6 Pilot Place, Broadhaven, Caithness",Adeel,Cruickshanks,COTTON WEAVER,,Alexandra,Mullen,,Joshua,Mullen,CHIMNEY SWEEPER,,Jessica,Jones,,SYNTHETIC DATA PRODUCED USING VALIPOP,1423,1416,1423,1416,1230,1209,1248,1213,1423,1416,1209,1230,1213,1248,NA,NA
424,30,OCTOBER,1957,"Pulteneytown Wick ",Graeme,Mullen,SCHOLAR,B,19,"1 Willow Drive, Girvan, South Ayrshire",Rebecca,Drake,SCHOLAR,S,16,"8 Gearra Mor, Na h-Eileanan Siar",Daniel,Mullen,FARM LABOURER,,Eboni,Mullen,,Mohammed,Drake,POWER LOOM LINEN DRESSER,,Amber,Cruickshanks,,SYNTHETIC DATA PRODUCED USING VALIPOP,1391,1412,1391,1412,1190,1197,1214,1219,1391,1412,1197,1190,1219,1214,NA,NA
425,17,FEBRUARY,1958,"Broadhaven Caithness",Jiten,Black,BAKER (JOURNEYMAN),B,35,"2 Creag Ruadh Place, Na h-Eileanan Siar",Georgina,Mullen,DOMESTIC SERVANT,S,27,"2616 Main Street, Caithness",Jake,Black,FARMER OF 360 ACRES EMPLOYING 9 LABOURERS AND 2 BOYS,,Holly,Mcbain,,Cameron,Mullen,FARMER OF 50 ACRES,,Sophie,Jones,,SYNTHETIC DATA PRODUCED USING VALIPOP,1295,1350,1295,1350,1146,1141,1184,1181,1295,1350,1141,1146,1181,1184,NA,NA
426,28,NOVEMBER,1958,"Na h-Eileanan Siar",Connor,Mullen,SCHOLAR,B,19,"2 Swanson Drive, Harden, Wick",Isabelle,Mcbain,SCHOLAR,S,16,"1 Banks Road, Caithness",Luke,Mullen,INLAND REVENUE OFFICER EXCISE DEPT,,Jasmine,Mcbain,,Edgar,Mcbain,AG LABOURER,,Angel,Mcbain,,SYNTHETIC DATA PRODUCED USING VALIPOP,1417,1434,1417,1434,1264,1207,1254,1249,1417,1434,1207,1264,1249,1254,NA,NA
427,21,JULY,1958,,Marcus,Cruickshanks,HOUSE PAINTER,D,27,"5 Swanson Drive, Harden, Wick",Sophie,Perrie,SCHOLAR,S,19,"589 Rathad an Duin, Na h-Eileanan Siar",Daniel,Cruickshanks,FISHERMAN,,Jessica,Mullen,,Joseph,Perrie,LABR,,Ruby,Mullen,,SYNTHETIC DATA PRODUCED USING VALIPOP,1377,1432,1377,1432,1222,1215,1250,1251,1377,1432,1215,1222,1251,1250,NA,NA
429,8,JANUARY,1959,"Broadhaven Caithness",Craig,Mcbain,MINER,B,25,"582 Rathad an Duin, Na h-Eileanan Siar",Shannon,Jones,SCHOLAR,S,19,"4 Pilot Place, Broadhaven, Caithness",Matthew,Mcbain,TENANT,,Natasha,Cruickshanks,,Maximilian,Jones,HAWKER,,Georgia,Black,,SYNTHETIC DATA PRODUCED USING VALIPOP,1373,1414,1373,1414,1172,1117,1226,1217,1373,1414,1117,1172,1217,1226,NA,NA
430,21,JANUARY,1959,,Tyrell,Mullen,CLERK,B,23,"590 Rathad an Duin, Na h-Eileanan Siar",Bethan,Drake,SCHOLAR,S,16,"590 Rathad an Duin, Na h-Eileanan Siar",Joshua,Mullen,CHIMNEY SWEEPER,,Jessica,Jones,,Ciaran,Drake,BOOK AGENT,,Chloe,Anderson,,SYNTHETIC DATA PRODUCED USING VALIPOP,1407,1478,1407,1478,1248,1213,1306,1309,1407,1478,1213,1248,1309,1306,NA,NA
431,11,JULY,1960,"Harden Wick ",Aidan,Mullen,SCHOLAR,B,19,"5 Roxburgh Road, Pulteneytown, Wick",Lauren,Mcbain,SERVANT,S,21,"582 Rathad an Duin, Na h-Eileanan Siar",Daniel,Mullen,LABOURER AG,,Jodie,Mullen,,Matthew,Mcbain,TENANT,,Natasha,Cruickshanks,,SYNTHETIC DATA PRODUCED USING VALIPOP,1419,1404,1419,1404,1188,1199,1172,1117,1419,1404,1199,1188,1117,1172,NA,NA
432,30,MARCH,1960,"Na h-Eileanan Siar",George,Mullen,SCHOLAR,B,18,"5 Roxburgh Road, Pulteneytown, Wick",Kate,Mcbain,COOPER MASTER'S DAUR,S,16,"1 Banks Road, Caithness",Daniel,Mullen,LABOURER AG,,Jodie,Mullen,,Edgar,Mcbain,AG LABOURER,,Angel,Mcbain,,SYNTHETIC DATA PRODUCED USING VALIPOP,1439,1466,1439,1466,1188,1199,1254,1249,1439,1466,1199,1188,1249,1254,NA,NA
433,14,DECEMBER,1961,"Girvan South Ayrshire",Tom,Perrie,PATTERN WEAVER,B,26,"571 Moss Road, Scottish Borders",Jade,Cruickshanks,WORSTED SPINNER,S,28,"1 St Molios Park, Croc, North Ayrshire",Joseph,Perrie,LABR,,Ruby,Mullen,,Guy,Cruickshanks,FARMER OF 300 ACRES,,Alice,Mullen,,SYNTHETIC DATA PRODUCED USING VALIPOP,1387,1374,1387,1374,1250,1251,1196,1151,1387,1374,1251,1250,1151,1196,NA,NA
434,6,FEBRUARY,1961,"Caithness",Theodore,Anderson,BANK ACCOUNTANT,B,25,"8 Gearra Mor, Na h-Eileanan Siar",Holly,Mullen,SCHOLAR,S,19,"2 Swanson Drive, Harden, Wick",Daniel,Anderson,MARINE RAG DEALER,,Amber,Cruickshanks,,Luke,Mullen,INLAND REVENUE OFFICER EXCISE DEPT,,Jasmine,Mcbain,,SYNTHETIC DATA PRODUCED USING VALIPOP,1379,1426,1379,1426,1214,1177,1264,1207,1379,1426,1177,1214,1207,1264,NA,NA
435,24,SEPTEMBER,1961,"South Ayrshire",Adam,Mullen,COTTON HAND LOOM WEAVER,B,25,"252 Golf Course Road, Girvan, South Ayrshire",Linda,Black,SCHOLAR,S,19,"1 Hartrigge Crescent, Scaurs, Scottish Borders",Stephen,Mullen,AG LAB,,Jade,Mcbain,,Mark,Black,FARMER OF 100 ACRES EMPLOYES 1 MAN 2 BOYS,,Catharine,Jones,,SYNTHETIC DATA PRODUCED USING VALIPOP,1381,1420,1381,1420,1220,1221,1194,1185,1381,1420,1221,1220,1185,1194,NA,NA
436,16,MARCH,1961,"Broadhaven Caithness",Jemaine,Cruickshanks,SCHOLAR,B,20,"1 Arra's Cottages, Na h-Eileanan Siar",Tamara,Cruickshanks,,S,16,"7 Pilot Place, Broadhaven, Caithness",Jay,Cruickshanks,POWER LOOM TENTER,,Annabel,Black,,Dylan,Cruickshanks,CARTER,,Jessica,Mcbain,,SYNTHETIC DATA PRODUCED USING VALIPOP,1441,1480,1441,1480,1198,1201,1262,1261,1441,1480,1201,1198,1261,1262,NA,NA
437,13,MARCH,1961,"Na h-Eileanan Siar",Ellis,Cruickshanks,SCHOLAR,B,20,"4 Roxburgh Road, Pulteneytown, Wick",Georgina,Anderson,SCHOLAR,S,16,"5 Pilot Row, Broadhaven, Caithness",Daniel,Cruickshanks,FISHERMAN,,Jessica,Mullen,,Thomas,Anderson,TINSMITH,,Lorna,Anderson,,SYNTHETIC DATA PRODUCED USING VALIPOP,1447,1486,1447,1486,1222,1215,1342,1315,1447,1486,1215,1222,1315,1342,NA,NA
438,28,JUNE,1961,"Na h-Eileanan Siar",Mohammed,Powell,SCHOLAR,B,19,"584 Rathad an Duin, Na h-Eileanan Siar",Ruth,Jones,SCHOLAR,S,16,"170 Battery Road, Pulteneytown, Wick",Lewis,Powell,FERRYMAN,,Shannon,Cruickshanks,,Connor,Jones,COLLIER,,Zoe,Cruickshanks,,SYNTHETIC DATA PRODUCED USING VALIPOP,1443,1484,1443,1484,1212,1203,1348,1311,1443,1484,1203,1212,1311,1348,NA,NA
439,19,JUNE,1962,"Na h-Eileanan Siar",Marcus,Cruickshanks,HOUSE PAINTER,W,29,"5 Swanson Drive, Harden, Wick",Lauren,Mcbain,SERVANT,W,24,"6 Swanson Drive, Harden, Wick",Daniel,Cruickshanks,FISHERMAN,,Jessica,Mullen,,Matthew,Mcbain,TENANT,,Natasha,Cruickshanks,,SYNTHETIC DATA PRODUCED USING VALIPOP,1377,1404,1377,1404,1222,1215,1172,1117,1377,1404,1215,1222,1117,1172,NA,NA
440,2,MARCH,1962,"Na h-Eileanan Siar",Kevin,Mcbain,SCHOLAR,B,19,"1 Seaforth Avenue, Pulteneytown, Wick",Kaya,Mullen,,S,16,"2 Swanson Drive, Harden, Wick",Billy,Mcbain,FIREMAN IN GAS WORK,,Laura,Cruickshanks,,Luke,Mullen,INLAND REVENUE OFFICER EXCISE DEPT,,Jasmine,Mcbain,,SYNTHETIC DATA PRODUCED USING VALIPOP,1435,1460,1435,1460,1272,1279,1264,1207,1435,1460,1279,1272,1207,1264,NA,NA
441,4,JANUARY,1962,"Na h-Eileanan Siar",Daniel,Mullen,PLOUGHMAN,W,27,"1 Castle Road, Genoch Farm, South Ayrshire",Tamara,Cruickshanks,,W,17,"15 Pilot Place, Broadhaven, Caithness",Aaron,Mullen,CARRIER,,Racheal,Perrie,,Dylan,Cruickshanks,CARTER,,Jessica,Mcbain,,SYNTHETIC DATA PRODUCED USING VALIPOP,1389,1480,1389,1480,1170,1079,1262,1261,1389,1480,1079,1170,1261,1262,NA,NA
442,4,APRIL,1962,"Pulteneytown Wick ",Jason,Drake,COACH DRIVER OMNIBUS,B,26,"8 Gearra Mor, Na h-Eileanan Siar",Ruth,Jones,SCHOLAR,W,18,"12 Gearra Mor, Na h-Eileanan Siar",Mohammed,Drake,LAND STEWARD,,Amber,Cruickshanks,,Connor,Jones,COLLIER,,Zoe,Cruickshanks,,SYNTHETIC DATA PRODUCED USING VALIPOP,1399,1484,1399,1484,1214,1219,1348,1311,1399,1484,1219,1214,1311,1348,NA,NA
443,28,NOVEMBER,1963,"Na h-Eileanan Siar",Tom,Perrie,PATTERN WEAVER,W,30,"735 Golf Course Road, Girvan, South Ayrshire",Lily,Cruickshanks,,S,29,"5 Pilot Place, Broadhaven, Caithness",Joseph,Perrie,GROCER AND SPIRITRETAILER,,Ruby,Mullen,,Daniel,Cruickshanks,LINEN WARPER,,Chloe,Cruickshanks,,SYNTHETIC DATA PRODUCED USING VALIPOP,1387,1394,1387,1394,1250,1251,1228,1223,1387,1394,1251,1250,1223,1228,NA,NA
445,24,APRIL,1963,"Pulteneytown Wick ",Daniel,Drake,SCHOLAR,B,17,"1 Gearra Mor, Na h-Eileanan Siar",Jessica,Anderson,SCHOLAR,S,17,"2 Pilot Place, Broadhaven, Caithness",Ciaran,Drake,BOOK AGENT,,Chloe,Anderson,,Daniel,Anderson,AG LAB,,Porcia,Cruickshanks,,SYNTHETIC DATA PRODUCED USING VALIPOP,1469,1472,1469,1472,1306,1309,1322,1287,1469,1472,1309,1306,1287,1322,NA,NA
446,12,OCTOBER,1963,,Kurt,Mullen,FURNITURE PORTER,W,32,"12 Gearra Mor, Na h-Eileanan Siar",Isobel,Cruickshanks,DRESSMAKER,S,21,"12 Gearra Mor, Na h-Eileanan Siar",Aaron,Mullen,CARRIER,,Racheal,Perrie,,Adeel,Cruickshanks,AG LAB,,Alexandra,Mullen,,SYNTHETIC DATA PRODUCED USING VALIPOP,1371,1464,1371,1464,1170,1079,1230,1209,1371,1464,1079,1170,1209,1230,NA,NA
447,13,NOVEMBER,1963,"Na h-Eileanan Siar",Kieran,Perrie,BLACKSMITH'S (APP),B,21,"571 Moss Road, Scottish Borders",Ruth,Jones,SCHOLAR,W,19,"3 Hill Avenue, Pulteneytown, Wick",Joseph,Perrie,GROCER AND SPIRITRETAILER,,Ruby,Mullen,,Connor,Jones,PLOUGHMAN,,Zoe,Cruickshanks,,SYNTHETIC DATA PRODUCED USING VALIPOP,1465,1484,1465,1484,1250,1251,1348,1311,1465,1484,1251,1250,1311,1348,NA,NA
448,25,MAY,1964,"Pulteneytown Wick ",Marcus,Cruickshanks,COAL MINER,D,31,"4 Gearra Mor, Na h-Eileanan Siar",Heather,Mullen,,W,32,"2 Union Street, Scottish Borders",Daniel,Cruickshanks,FISHERMAN,,Jessica,Mullen,,Stephen,Mullen,FARMER OF 4 ACRES OF ARABLE LAND WITH PASTURE,,Jade,Mcbain,,SYNTHETIC DATA PRODUCED USING VALIPOP,1377,1376,1377,1376,1222,1215,1220,1221,1377,1376,1215,1222,1221,1220,NA,NA
449,1,SEPTEMBER,1964,"Na h-Eileanan Siar",Jack,Black,CLOTH LAPPER,B,20,"1 Hen Street, Pulteneytown, Wick",Holly,Mullen,EMPLOYED AT HOME,W,22,"3 Banks Road, Caithness",Joseph,Black,GARDENER,,Amy,Jones,,Luke,Mullen,INLAND REVENUE OFFICER EXCISE DEPT,,Jasmine,Mcbain,,SYNTHETIC DATA PRODUCED USING VALIPOP,1453,1426,1453,1426,1274,1205,1264,1207,1453,1426,1205,1274,1207,1264,NA,NA
450,8,JANUARY,1965,"Broadhaven Caithness",Matthew,Mcbain,,B,20,"9 Gearra Mor, Na h-Eileanan Siar",Demi,Mcbain,SCHOLAR,S,20,"3 Swanson Drive, Harden, Wick",Callum,Mcbain,AG LAB,,Alexandra,Drake,,Daniel,Mcbain,COAL MERCHANT,,Nicole,Mcbain,,SYNTHETIC DATA PRODUCED USING VALIPOP,1467,1468,1467,1468,1270,1293,1294,1265,1467,1468,1293,1270,1265,1294,NA,NA
451,30,AUGUST,1965,"Na h-Eileanan Siar",Zein,Cruickshanks,SHIP WRIGHT,B,27,"4 Roxburgh Road, Pulteneytown, Wick",Shannon,Anderson,DOMESTIC SERVANT,S,20,"2 Mowat Road, Caithness",Daniel,Cruickshanks,FISHERMAN,,Jessica,Mullen,,Daniel,Anderson,MILLER,,Erin,Black,,SYNTHETIC DATA PRODUCED USING VALIPOP,1401,1470,1401,1470,1222,1215,1314,1301,1401,1470,1215,1222,1301,1314,NA,NA
453,29,OCTOBER,1968,"Broomridge Bannockburn ",Jack,Jones,BLACKSMITH,B,26,"4 Pilot Place, Broadhaven, Caithness",Naomi,Mullen,SCHOLAR,S,19,"1 Waid Terrace, Anstruther Easter, Anstruther",Maximilian,Jones,HAWKER,,Georgia,Black,,Lewis,Mullen,CARTER,,Holly,Cruickshanks,,SYNTHETIC DATA PRODUCED USING VALIPOP,1431,1498,1431,1498,1226,1217,1252,1259,1431,1498,1217,1226,1259,1252,NA,NA
455,17,NOVEMBER,1970,"Na h-Eileanan Siar",Brad,Mcbain,LABOURER,B,23,"3 Swanson Drive, Harden, Wick",Rebecca,Cruickshanks,DRESSMAKER,S,27,"1 Mowat Road, Caithness",Daniel,Mcbain,INNKEEPER (AND ROAD CONTRACTOR),,Nicole,Mcbain,,Adeel,Cruickshanks,AG LAB,,Alexandra,Mullen,,SYNTHETIC DATA PRODUCED USING VALIPOP,1481,1448,1481,1448,1294,1265,1230,1209,1481,1448,1265,1294,1209,1230,NA,NA
456,1,AUGUST,1970,"Na h-Eileanan Siar",Joe,Jones,SHOEMAKER,B,22,"1 Russel Street, Caithness",Rebecca,Drake,DOMESTIC SERVANT,S,26,"8 Gearra Mor, Na h-Eileanan Siar",Peter,Jones,JOINER,,Chelsea,Mullen,,Mohammed,Drake,LAND STEWARD,,Amber,Cruickshanks,,SYNTHETIC DATA PRODUCED USING VALIPOP,1485,1444,1485,1444,1346,1291,1214,1219,1485,1444,1291,1346,1219,1214,NA,NA
457,18,JANUARY,1970,"Scottish Borders",Shamar,Mcbain,CIVIL ENGINEER,B,25,"586 Rathad an Duin, Na h-Eileanan Siar",Samara,Mullen,DAIRY MAID,S,26,"252 Golf Course Road, Girvan, South Ayrshire",Jack,Mcbain,PROPRIETOR O HOUSES,,Ann-marie,Mcbain,,Stephen,Mullen,FARMER OF 4 ACRES OF ARABLE LAND WITH PASTURE,,Jade,Mcbain,,SYNTHETIC DATA PRODUCED USING VALIPOP,1445,1446,1445,1446,1224,1285,1220,1221,1445,1446,1285,1224,1221,1220,NA,NA
458,26,AUGUST,1970,"Braeleny Farm Callander ",Edward,Mullen,TAILOR,B,28,"6 Pilot Place, Broadhaven, Caithness",Elizabeth,Mullen,HAWKER,S,26,"1 Waid Terrace, Anstruther Easter, Anstruther",Joshua,Mullen,CHIMNEY SWEEPER,,Jessica,Jones,,Lewis,Mullen,CARTER,,Holly,Cruickshanks,,SYNTHETIC DATA PRODUCED USING VALIPOP,1425,1452,1425,1452,1248,1213,1252,1259,1425,1452,1213,1248,1259,1252,NA,NA
459,23,OCTOBER,1970,"Harden Wick ",Kieran,Mullen,SON,B,29,"6 Pilot Place, Broadhaven, Caithness",Kate,Mcbain,,W,26,"5 Gearra Mor, Na h-Eileanan Siar",Joshua,Mullen,CHIMNEY SWEEPER,,Jessica,Jones,,Edgar,Mcbain,COTTON WEAVER & COAL DEALER,,Angel,Mcbain,,SYNTHETIC DATA PRODUCED USING VALIPOP,1433,1466,1433,1466,1248,1213,1254,1249,1433,1466,1213,1248,1249,1254,NA,NA
460,15,DECEMBER,1970,"Na h-Eileanan Siar",Jacob,Jones,BLACKSMITH,B,21,"2 Leith Walk, Pulteneytown, Wick",Emma,Cruickshanks,PLOUGHMAN'S WIFE,S,21,"585 Rathad an Duin, Na h-Eileanan Siar",Luke,Jones,TYPE FOUNDER,,Shantell,Mcbain,,Kyle,Cruickshanks,ART SUPERINTENDANT IN PUBLISHING BLACKIE & SON HOUSE,,Chloe,Mcbain,,SYNTHETIC DATA PRODUCED USING VALIPOP,1501,1506,1501,1506,1290,1273,1268,1231,1501,1506,1273,1290,1231,1268,NA,NA
461,29,JULY,1970,"Broadhaven Caithness",Thomas,Mullen,ENGRAVER,B,23,"10 Gearra Mor, Na h-Eileanan Siar",Melanie,Cruickshanks,SCHOLAR,S,19,"11 Gearra Mor, Na h-Eileanan Siar",Connor,Mullen,JOBBING LABOURER,,Lilian,Mcbain,,Ryan,Cruickshanks,PLASTERER (JOUR),,Ottilie,Mullen,,SYNTHETIC DATA PRODUCED USING VALIPOP,1483,1510,1483,1510,1326,1319,1354,1355,1483,1510,1319,1326,1355,1354,NA,NA
464,19,JULY,1971,"Highland",Daniel,Mullen,RAILWAY LABOURER,B,21,"1 Castle Street, Aberdeenshire",Alice,Mcbain,,S,16,"95 The Glebe, Allanbank, Lauder",Lorenzo,Mullen,CROFT 12 ACRS,,Terri,Cruickshanks,,Jared,Mcbain,PLOWMAN,,Kelly,Cruickshanks,,SYNTHETIC DATA PRODUCED USING VALIPOP,1523,1554,1523,1554,1324,1271,1366,1345,1523,1554,1271,1324,1345,1366,NA,NA
465,23,FEBRUARY,1972,"Wilton Dean Hawick ",Richard,Mullen,SAILOR (MERCHT SERV),B,33,"1 Ailsa Place, Girvan, South Ayrshire",Naomi,Mullen,,D,24,"1 Cringate Gardens, Broomridge, Bannockburn",Kade,Mullen,BUILDER MASON,,Hannah,Mcbain,,Lewis,Mullen,CARTER,,Holly,Cruickshanks,,SYNTHETIC DATA PRODUCED USING VALIPOP,1427,1498,1427,1498,1276,1245,1252,1259,1427,1498,1245,1276,1259,1252,NA,NA
